image_name,absolute-relative,closed-open,linear-painterly,multiplicity-unity,planar-recessional,absolute_pred,closed_pred,linear_pred,multiplicity_pred,planar_pred
img_01001.png,0.44000000000000006,0.6799999999999999,0.96,0.64,0.44000000000000006,0.2337646484375,0.47265625,0.841796875,0.52734375,0.43408203125
img_01002.png,0.76,0.6,0.8400000000000001,0.5599999999999999,0.6799999999999999,0.82421875,0.83984375,0.83349609375,0.8291015625,0.658203125
img_01003.png,0.8800000000000001,0.8,0.8,0.72,0.76,0.88720703125,0.85986328125,0.89892578125,0.87744140625,0.70556640625
img_01004.png,0.8800000000000001,0.8400000000000001,0.8800000000000001,0.64,0.8,0.763671875,0.7744140625,0.87255859375,0.822265625,0.5546875
img_01005.png,0.36,0.6799999999999999,0.8400000000000001,0.6799999999999999,0.32,0.281494140625,0.57373046875,0.85595703125,0.51171875,0.414794921875
img_01006.png,0.96,0.72,0.9199999999999999,0.8400000000000001,0.8400000000000001,0.80322265625,0.81298828125,0.89306640625,0.83349609375,0.6689453125
img_01007.png,0.6799999999999999,0.6,0.96,0.8400000000000001,0.8,0.900390625,0.810546875,0.916015625,0.896484375,0.72802734375
img_01008.png,1.0,0.8,0.8400000000000001,0.5599999999999999,0.64,0.87255859375,0.82421875,0.841796875,0.8671875,0.65478515625
img_01009.png,0.8400000000000001,0.72,1.0,0.64,0.5599999999999999,0.8291015625,0.8310546875,0.841796875,0.84814453125,0.67236328125
img_01010.png,0.8800000000000001,0.6,0.8800000000000001,0.72,0.6,0.896484375,0.8056640625,0.8154296875,0.85986328125,0.6259765625
img_01011.png,0.96,0.8,0.8,0.8800000000000001,0.9199999999999999,0.79833984375,0.86865234375,0.9111328125,0.84814453125,0.72802734375
img_01012.png,0.8400000000000001,0.76,0.8,0.8800000000000001,0.52,0.90966796875,0.8056640625,0.86328125,0.8759765625,0.67578125
img_01013.png,0.9199999999999999,0.8,0.8,0.64,0.48,0.8291015625,0.83349609375,0.85595703125,0.8173828125,0.69580078125
img_01014.png,0.72,0.8,0.96,0.9199999999999999,0.8,0.80810546875,0.8759765625,0.91748046875,0.880859375,0.67919921875
img_01015.png,0.6799999999999999,0.76,0.72,0.72,0.6,0.9150390625,0.888671875,0.73095703125,0.86328125,0.5078125
img_01016.png,0.8400000000000001,0.8800000000000001,0.9199999999999999,0.8,0.8400000000000001,0.8154296875,0.87060546875,0.8740234375,0.85595703125,0.73388671875
img_01017.png,0.6799999999999999,0.5599999999999999,0.64,0.4,0.48,0.67578125,0.60009765625,0.751953125,0.658203125,0.57373046875
img_01018.png,0.8400000000000001,0.72,0.8800000000000001,0.76,1.0,0.80322265625,0.865234375,0.91748046875,0.85205078125,0.70263671875
img_01019.png,0.9199999999999999,0.8,0.8400000000000001,0.5599999999999999,0.5599999999999999,0.76611328125,0.46484375,0.46875,0.55078125,0.5
img_01020.png,0.52,0.6,0.8400000000000001,0.5599999999999999,0.64,0.31396484375,0.515625,0.546875,0.437744140625,0.4111328125
img_01021.png,0.72,0.8,0.8800000000000001,0.6799999999999999,0.64,0.4072265625,0.6689453125,0.83984375,0.54296875,0.607421875
img_01022.png,0.64,0.64,0.64,0.64,0.6,0.5888671875,0.6259765625,0.63720703125,0.55810546875,0.64794921875
img_01023.png,0.8400000000000001,0.72,0.9199999999999999,0.6,0.8,0.88720703125,0.85791015625,0.86865234375,0.85205078125,0.7216796875
img_01024.png,1.0,0.6,0.52,0.6799999999999999,0.52,0.80810546875,0.60400390625,0.62255859375,0.751953125,0.60400390625
img_01025.png,0.76,0.76,0.8800000000000001,0.8400000000000001,0.64,0.810546875,0.8310546875,0.896484375,0.87255859375,0.607421875
img_01026.png,0.8,0.8800000000000001,0.8800000000000001,0.8,0.72,0.77197265625,0.8173828125,0.896484375,0.86865234375,0.6689453125
img_01027.png,0.8400000000000001,0.64,0.8800000000000001,0.6799999999999999,0.44000000000000006,0.7431640625,0.53125,0.69921875,0.63720703125,0.51171875
img_01028.png,0.72,0.8400000000000001,0.8800000000000001,0.8,0.96,0.5,0.5849609375,0.64794921875,0.52734375,0.59619140625
img_01029.png,0.8800000000000001,0.8400000000000001,1.0,0.72,0.72,0.81982421875,0.861328125,0.9228515625,0.88232421875,0.71533203125
img_01030.png,0.8,0.6,0.6,0.6,0.36,0.865234375,0.658203125,0.6298828125,0.5546875,0.55810546875
img_01031.png,0.9199999999999999,0.64,0.72,0.72,0.48,0.708984375,0.67919921875,0.59619140625,0.607421875,0.607421875
img_01032.png,0.76,0.8800000000000001,0.8400000000000001,0.76,0.72,0.8154296875,0.83740234375,0.87744140625,0.72802734375,0.7548828125
img_01033.png,0.8,0.76,0.8400000000000001,0.8800000000000001,0.8400000000000001,0.4921875,0.67236328125,0.77197265625,0.6298828125,0.5927734375
img_01034.png,1.0,0.8,0.96,0.76,0.52,0.841796875,0.8154296875,0.89501953125,0.85791015625,0.70556640625
img_01035.png,0.8400000000000001,0.8,0.8400000000000001,0.5599999999999999,0.32,0.39990234375,0.72802734375,0.5849609375,0.33447265625,0.6298828125
img_01036.png,0.52,0.48,0.8400000000000001,0.4,0.52,0.2568359375,0.453369140625,0.8291015625,0.48046875,0.385009765625
img_01037.png,0.52,0.44000000000000006,0.8,0.52,0.6799999999999999,0.51953125,0.66552734375,0.80078125,0.61865234375,0.449462890625
img_01038.png,0.72,0.8,0.64,0.72,0.52,0.751953125,0.72509765625,0.740234375,0.69921875,0.60400390625
img_01039.png,0.8800000000000001,0.72,0.8400000000000001,0.64,0.6799999999999999,0.77197265625,0.5234375,0.740234375,0.69921875,0.67919921875
img_01040.png,0.8,0.6799999999999999,1.0,0.64,0.8800000000000001,0.900390625,0.84375,0.91748046875,0.8857421875,0.7490234375
img_01041.png,0.8,0.76,1.0,0.9199999999999999,0.8400000000000001,0.83544921875,0.83740234375,0.85205078125,0.8759765625,0.64794921875
img_01042.png,0.72,0.6,0.64,0.64,0.4,0.60009765625,0.515625,0.56591796875,0.49609375,0.63720703125
img_01043.png,0.9199999999999999,0.8400000000000001,0.8,0.64,0.64,0.810546875,0.8291015625,0.8154296875,0.77978515625,0.6259765625
img_01044.png,0.64,0.6,0.8400000000000001,0.76,0.64,0.77197265625,0.53515625,0.60009765625,0.63720703125,0.6689453125
img_01045.png,0.8400000000000001,0.64,0.8800000000000001,0.64,0.6799999999999999,0.640625,0.63330078125,0.78515625,0.615234375,0.53515625
img_01046.png,0.4,0.72,0.9199999999999999,0.8400000000000001,0.72,0.259765625,0.385009765625,0.8310546875,0.5234375,0.392333984375
img_01047.png,0.76,0.64,0.8,0.52,0.48,0.3701171875,0.69580078125,0.77197265625,0.418701171875,0.51171875
img_01048.png,0.64,0.72,0.8400000000000001,0.48,0.8400000000000001,0.8291015625,0.85400390625,0.87255859375,0.845703125,0.751953125
img_01049.png,0.64,0.5599999999999999,0.9199999999999999,0.76,0.52,0.418701171875,0.60400390625,0.80322265625,0.615234375,0.46875
img_01050.png,0.9199999999999999,0.76,0.96,0.76,0.5599999999999999,0.78515625,0.8740234375,0.888671875,0.86865234375,0.658203125
img_01051.png,0.8,0.76,0.9199999999999999,0.6799999999999999,0.64,0.900390625,0.8291015625,0.91259765625,0.90185546875,0.7578125
img_01052.png,0.8400000000000001,0.72,0.8400000000000001,0.64,0.72,0.708984375,0.83544921875,0.740234375,0.6298828125,0.5888671875
img_01053.png,0.27999999999999997,0.6799999999999999,0.76,0.52,0.4,0.281494140625,0.58154296875,0.85791015625,0.55810546875,0.48046875
img_01054.png,0.76,0.72,0.8400000000000001,0.5599999999999999,0.8800000000000001,0.36669921875,0.7431640625,0.880859375,0.4921875,0.5927734375
img_01055.png,0.8400000000000001,0.8,0.8,0.8400000000000001,0.64,0.7578125,0.83740234375,0.89306640625,0.80810546875,0.662109375
img_01056.png,0.6,0.6799999999999999,0.48,0.48,0.27999999999999997,0.85791015625,0.70556640625,0.5888671875,0.60009765625,0.453369140625
img_01057.png,0.76,0.6,0.8400000000000001,0.32,0.64,0.8310546875,0.82421875,0.7431640625,0.7578125,0.640625
img_01058.png,0.48,0.72,0.6799999999999999,0.32,0.5599999999999999,0.291015625,0.59619140625,0.79296875,0.51171875,0.43017578125
img_01059.png,0.8,0.72,0.76,0.76,0.44000000000000006,0.5390625,0.5390625,0.6298828125,0.43408203125,0.359375
img_01060.png,0.9199999999999999,0.64,0.96,0.8800000000000001,0.52,0.84375,0.77197265625,0.85986328125,0.83349609375,0.607421875
img_01061.png,0.76,0.76,0.8800000000000001,0.8800000000000001,0.72,0.56591796875,0.63720703125,0.7607421875,0.5546875,0.53515625
img_01062.png,0.64,0.9199999999999999,0.96,0.8800000000000001,0.6,0.64794921875,0.65478515625,0.822265625,0.7744140625,0.65478515625
img_01063.png,0.76,0.8,0.8400000000000001,0.6,0.72,0.83740234375,0.7744140625,0.880859375,0.83984375,0.63720703125
img_01064.png,0.64,0.8400000000000001,0.96,0.64,0.76,0.388671875,0.64794921875,0.611328125,0.287841796875,0.6298828125
img_01065.png,0.72,0.5599999999999999,0.76,0.52,0.44000000000000006,0.71240234375,0.67578125,0.73388671875,0.71533203125,0.50390625
img_01066.png,0.72,0.64,0.6799999999999999,0.6,0.36,0.73388671875,0.5849609375,0.60009765625,0.51953125,0.47265625
img_01067.png,0.8800000000000001,0.52,0.8,0.6799999999999999,0.48,0.84375,0.8056640625,0.85400390625,0.841796875,0.658203125
img_01068.png,0.8,0.48,0.9199999999999999,0.72,0.44000000000000006,0.78515625,0.28466796875,0.57373046875,0.5390625,0.36669921875
img_01069.png,0.8,0.76,0.96,0.76,0.8,0.763671875,0.82666015625,0.85986328125,0.8291015625,0.70556640625
img_01070.png,0.8,0.72,0.9199999999999999,0.6799999999999999,0.72,0.7958984375,0.73095703125,0.70263671875,0.640625,0.662109375
img_01071.png,0.52,0.6,0.76,0.72,0.5599999999999999,0.58154296875,0.1993408203125,0.6513671875,0.51171875,0.2783203125
img_01072.png,0.8800000000000001,0.8400000000000001,1.0,0.8,0.72,0.8857421875,0.78271484375,0.89306640625,0.88720703125,0.67919921875
img_01073.png,0.8400000000000001,0.64,0.72,0.76,0.52,0.338134765625,0.4921875,0.7578125,0.4072265625,0.4609375
img_01074.png,0.6799999999999999,0.8,0.96,0.8,0.72,0.8740234375,0.8291015625,0.900390625,0.8857421875,0.6513671875
img_01075.png,0.8800000000000001,0.8,0.96,0.6799999999999999,0.4,0.80078125,0.85205078125,0.87060546875,0.7431640625,0.6826171875
img_01076.png,0.5599999999999999,0.76,0.76,0.5599999999999999,0.72,0.4609375,0.53515625,0.43408203125,0.2421875,0.5078125
img_01077.png,0.6799999999999999,0.52,0.52,0.5599999999999999,0.6,0.73388671875,0.67236328125,0.50390625,0.63330078125,0.4111328125
img_01078.png,0.9199999999999999,0.8,0.8400000000000001,0.6,0.76,0.845703125,0.77978515625,0.82666015625,0.85205078125,0.57763671875
img_01079.png,0.8800000000000001,0.72,0.8400000000000001,0.76,0.5599999999999999,0.78271484375,0.73095703125,0.71875,0.72509765625,0.65478515625
img_01080.png,0.6,0.44000000000000006,0.8800000000000001,0.8400000000000001,0.48,0.751953125,0.6298828125,0.70263671875,0.611328125,0.57373046875
img_01081.png,0.8,0.6,0.8,0.6799999999999999,0.36,0.90185546875,0.841796875,0.8974609375,0.89501953125,0.6513671875
img_01082.png,0.96,0.8400000000000001,0.8400000000000001,0.8,0.72,0.865234375,0.85986328125,0.7490234375,0.70263671875,0.615234375
img_01083.png,0.8400000000000001,0.72,1.0,0.6799999999999999,0.6799999999999999,0.7607421875,0.8916015625,0.92919921875,0.85205078125,0.7431640625
img_01084.png,0.96,0.72,0.9199999999999999,0.52,0.9199999999999999,0.76611328125,0.7880859375,0.8173828125,0.82421875,0.611328125
img_01085.png,0.76,0.8,0.8,0.5599999999999999,0.8400000000000001,0.63330078125,0.8056640625,0.73095703125,0.4765625,0.607421875
img_01086.png,0.76,0.52,0.76,0.72,0.8,0.449462890625,0.64794921875,0.90185546875,0.66552734375,0.689453125
img_01087.png,0.8400000000000001,0.76,0.8400000000000001,0.9199999999999999,0.48,0.67578125,0.6689453125,0.65478515625,0.62255859375,0.55810546875
img_01088.png,0.64,0.6,0.76,0.48,0.4,0.79296875,0.64794921875,0.445556640625,0.5,0.4765625
img_01089.png,0.76,0.72,0.76,0.6799999999999999,0.52,0.68603515625,0.845703125,0.73095703125,0.615234375,0.61865234375
img_01090.png,0.9199999999999999,0.6799999999999999,0.8400000000000001,0.72,0.64,0.8671875,0.81982421875,0.86328125,0.88720703125,0.68603515625
img_01091.png,0.8400000000000001,0.64,0.9199999999999999,0.5599999999999999,0.52,0.662109375,0.70556640625,0.7958984375,0.515625,0.62255859375
img_01092.png,0.6799999999999999,0.6799999999999999,0.96,0.64,0.8800000000000001,0.89013671875,0.79833984375,0.89501953125,0.865234375,0.71875
img_01093.png,0.8400000000000001,0.76,0.8400000000000001,0.44000000000000006,0.8800000000000001,0.51953125,0.80810546875,0.7490234375,0.441650390625,0.6259765625
img_01094.png,0.76,0.8800000000000001,0.96,0.6,0.76,0.87890625,0.80322265625,0.841796875,0.82666015625,0.59619140625
img_01095.png,0.8400000000000001,0.8,0.76,0.76,0.6799999999999999,0.71875,0.78271484375,0.763671875,0.640625,0.55078125
img_01096.png,0.8,0.48,0.6799999999999999,0.64,0.5599999999999999,0.77978515625,0.441650390625,0.62255859375,0.72509765625,0.69580078125
img_01097.png,0.76,0.4,0.76,0.8,0.36,0.6826171875,0.658203125,0.59619140625,0.60009765625,0.607421875
img_01098.png,0.72,0.64,0.8800000000000001,0.8,0.6799999999999999,0.845703125,0.85791015625,0.79052734375,0.76904296875,0.5927734375
img_01099.png,0.64,0.64,0.6,0.6799999999999999,0.32,0.6513671875,0.662109375,0.61865234375,0.515625,0.47265625
img_01100.png,0.76,0.6799999999999999,0.64,0.72,0.36,0.88232421875,0.64404296875,0.53515625,0.64404296875,0.51171875
img_01101.png,0.96,0.8400000000000001,0.9199999999999999,0.6799999999999999,0.6799999999999999,0.84375,0.8310546875,0.900390625,0.85791015625,0.69580078125
img_01102.png,0.5599999999999999,0.8400000000000001,0.96,0.76,0.6799999999999999,0.76904296875,0.67578125,0.70556640625,0.7607421875,0.77734375
img_01103.png,0.8800000000000001,0.6799999999999999,0.9199999999999999,0.76,0.76,0.90966796875,0.67919921875,0.91357421875,0.9033203125,0.73388671875
img_01104.png,0.8400000000000001,0.8,0.9199999999999999,0.8,0.6799999999999999,0.77197265625,0.763671875,0.79052734375,0.67578125,0.70556640625
img_01105.png,0.6,0.76,0.96,0.8400000000000001,0.9199999999999999,0.841796875,0.865234375,0.92724609375,0.90478515625,0.67236328125
img_01106.png,0.8800000000000001,0.72,0.6799999999999999,0.76,0.6,0.77734375,0.662109375,0.71533203125,0.640625,0.61865234375
img_01107.png,0.8400000000000001,0.6,0.9199999999999999,0.8400000000000001,0.48,0.83544921875,0.7744140625,0.85400390625,0.85400390625,0.6513671875
img_01108.png,0.8,0.76,0.8400000000000001,0.8,0.76,0.50390625,0.7548828125,0.80322265625,0.53125,0.658203125
img_01109.png,0.8800000000000001,0.76,0.8800000000000001,0.76,0.8,0.5546875,0.80322265625,0.87255859375,0.611328125,0.6689453125
img_01110.png,0.9199999999999999,0.6799999999999999,0.9199999999999999,0.72,0.52,0.81298828125,0.79052734375,0.82666015625,0.87744140625,0.611328125
img_01111.png,0.9199999999999999,0.64,1.0,0.8,0.6799999999999999,0.87890625,0.86328125,0.69580078125,0.810546875,0.63720703125
img_01112.png,0.76,0.6,0.6799999999999999,0.6799999999999999,0.8800000000000001,0.8291015625,0.708984375,0.7607421875,0.763671875,0.78515625
img_01113.png,0.44000000000000006,0.48,0.72,0.52,0.72,0.32421875,0.5078125,0.658203125,0.28466796875,0.46875
img_01114.png,0.8,0.6,0.76,0.72,0.72,0.87744140625,0.76611328125,0.8310546875,0.822265625,0.5927734375
img_01115.png,0.6799999999999999,0.6,0.72,0.8,0.48,0.437744140625,0.42626953125,0.60009765625,0.5234375,0.546875
img_01116.png,0.9199999999999999,0.8400000000000001,0.8400000000000001,0.6799999999999999,0.72,0.87744140625,0.81982421875,0.751953125,0.78271484375,0.65478515625
img_01117.png,0.6,0.8,0.8,0.6799999999999999,0.8400000000000001,0.45703125,0.55078125,0.79052734375,0.640625,0.57373046875
img_01118.png,0.96,0.76,0.8800000000000001,0.6,0.64,0.84375,0.7216796875,0.85595703125,0.85205078125,0.49609375
img_01119.png,0.8800000000000001,0.5599999999999999,0.96,0.5599999999999999,0.48,0.85205078125,0.64794921875,0.74609375,0.6259765625,0.50390625
img_01120.png,0.8800000000000001,0.64,0.96,0.72,0.5599999999999999,0.8671875,0.82666015625,0.90185546875,0.88232421875,0.689453125
img_01121.png,0.8400000000000001,0.64,0.8,0.52,0.6,0.52734375,0.5,0.7216796875,0.55810546875,0.437744140625
img_01122.png,0.76,0.8400000000000001,0.8400000000000001,0.6,0.64,0.689453125,0.85595703125,0.80810546875,0.56982421875,0.7880859375
img_01123.png,0.8,0.76,0.8,0.6,0.5599999999999999,0.85400390625,0.83984375,0.83544921875,0.76904296875,0.7607421875
img_01124.png,0.8800000000000001,0.6,0.76,0.8400000000000001,0.52,0.85791015625,0.61865234375,0.87744140625,0.70556640625,0.5849609375
img_01125.png,0.8,0.76,0.8800000000000001,0.8,0.5599999999999999,0.7578125,0.83349609375,0.91943359375,0.86328125,0.70556640625
img_01126.png,0.8800000000000001,0.72,0.8400000000000001,0.6799999999999999,0.6799999999999999,0.751953125,0.62255859375,0.740234375,0.6259765625,0.56591796875
img_01127.png,0.8,0.8,0.8400000000000001,0.64,0.8400000000000001,0.8310546875,0.83740234375,0.9150390625,0.85986328125,0.6689453125
img_01128.png,0.4,0.76,0.6799999999999999,0.44000000000000006,0.48,0.56591796875,0.51171875,0.39599609375,0.355712890625,0.607421875
img_01129.png,0.9199999999999999,0.6799999999999999,0.8400000000000001,0.64,0.6,0.80322265625,0.8974609375,0.8173828125,0.79833984375,0.71240234375
img_01130.png,0.6,0.64,0.8,0.5599999999999999,0.72,0.48828125,0.67919921875,0.6259765625,0.45703125,0.4765625
img_01131.png,0.76,0.6,0.6799999999999999,0.52,0.6,0.484375,0.6298828125,0.662109375,0.51171875,0.58154296875
img_01132.png,0.8,0.64,0.8800000000000001,0.6,0.76,0.84375,0.841796875,0.91748046875,0.91259765625,0.7373046875
img_01133.png,0.76,0.72,0.72,0.76,0.8400000000000001,0.73095703125,0.5927734375,0.7216796875,0.708984375,0.63720703125
img_01134.png,0.72,0.8,0.9199999999999999,0.76,0.8,0.78515625,0.82421875,0.85595703125,0.79833984375,0.64794921875
img_01135.png,0.8400000000000001,0.76,0.96,0.6,0.52,0.79296875,0.79296875,0.81298828125,0.6826171875,0.69287109375
img_01136.png,0.9199999999999999,0.64,0.9199999999999999,0.76,0.72,0.77978515625,0.8671875,0.82666015625,0.810546875,0.611328125
img_01137.png,0.6799999999999999,0.6799999999999999,0.8800000000000001,0.52,0.5599999999999999,0.49609375,0.69921875,0.77734375,0.5234375,0.69287109375
img_01138.png,0.9199999999999999,0.72,0.8,0.76,0.64,0.83984375,0.8310546875,0.763671875,0.8173828125,0.7744140625
img_01139.png,0.5599999999999999,0.64,0.76,0.6799999999999999,0.6,0.615234375,0.546875,0.611328125,0.56201171875,0.59619140625
img_01140.png,0.6799999999999999,0.52,0.72,0.8,0.44000000000000006,0.5849609375,0.61865234375,0.5927734375,0.418701171875,0.48828125
img_01141.png,0.5599999999999999,0.52,0.8400000000000001,0.6,0.48,0.422607421875,0.52734375,0.689453125,0.4765625,0.5
img_01142.png,0.9199999999999999,0.8,0.8,0.8,0.6,0.80078125,0.61865234375,0.69287109375,0.740234375,0.5888671875
img_01143.png,0.8800000000000001,0.76,0.96,0.8,0.52,0.8857421875,0.82666015625,0.8740234375,0.880859375,0.62255859375
img_01144.png,0.8800000000000001,0.8800000000000001,0.96,0.6,0.6799999999999999,0.7880859375,0.87890625,0.888671875,0.79833984375,0.71533203125
img_01145.png,0.8,0.6799999999999999,0.8,0.52,0.64,0.37744140625,0.6259765625,0.8671875,0.52734375,0.5849609375
img_01146.png,0.8400000000000001,0.64,0.8400000000000001,0.8,0.6,0.87255859375,0.7958984375,0.9033203125,0.87744140625,0.70263671875
img_01147.png,0.76,0.76,0.72,0.6799999999999999,0.76,0.845703125,0.48046875,0.79296875,0.73388671875,0.57373046875
img_01148.png,0.6799999999999999,0.5599999999999999,0.48,0.8400000000000001,0.36,0.611328125,0.55078125,0.53515625,0.4921875,0.4921875
img_01149.png,0.8800000000000001,0.76,0.8400000000000001,0.72,0.64,0.76904296875,0.73388671875,0.89501953125,0.740234375,0.662109375
img_01150.png,0.8800000000000001,0.64,0.9199999999999999,0.8800000000000001,0.5599999999999999,0.9033203125,0.845703125,0.8974609375,0.88720703125,0.67236328125
img_01151.png,0.8800000000000001,0.6,0.72,0.8,0.72,0.83984375,0.6298828125,0.6826171875,0.662109375,0.484375
img_01152.png,0.9199999999999999,0.6799999999999999,0.8400000000000001,0.76,0.64,0.82421875,0.76904296875,0.85009765625,0.8310546875,0.58154296875
img_01153.png,0.76,0.64,0.8800000000000001,0.6,0.48,0.763671875,0.73388671875,0.708984375,0.5888671875,0.708984375
img_01154.png,0.8400000000000001,0.9199999999999999,0.8800000000000001,0.72,0.72,0.77978515625,0.83740234375,0.83984375,0.84814453125,0.64404296875
img_01155.png,0.6799999999999999,0.8,0.72,0.64,0.64,0.441650390625,0.7431640625,0.6259765625,0.5,0.5234375
img_01156.png,0.96,0.8400000000000001,0.9199999999999999,0.52,0.64,0.865234375,0.77734375,0.80322265625,0.85595703125,0.611328125
img_01157.png,0.8400000000000001,0.64,0.9199999999999999,0.96,0.64,0.8310546875,0.7373046875,0.73388671875,0.83544921875,0.67919921875
img_01158.png,0.8800000000000001,0.72,0.8400000000000001,0.72,0.44000000000000006,0.689453125,0.71240234375,0.79296875,0.67236328125,0.607421875
img_01159.png,0.8,0.72,0.64,0.5599999999999999,0.64,0.63330078125,0.63720703125,0.449462890625,0.515625,0.662109375
img_01160.png,0.8,0.6,0.8400000000000001,0.5599999999999999,0.6799999999999999,0.607421875,0.5888671875,0.615234375,0.58154296875,0.67578125
img_01161.png,0.76,0.6,0.6,0.8400000000000001,0.36,0.7744140625,0.60400390625,0.658203125,0.60400390625,0.4921875
img_01162.png,0.8,0.76,0.8,0.9199999999999999,0.6,0.8759765625,0.79833984375,0.861328125,0.86865234375,0.8056640625
img_01163.png,0.6,0.64,0.96,0.64,0.44000000000000006,0.515625,0.42626953125,0.79052734375,0.58154296875,0.4111328125
img_01164.png,0.8400000000000001,0.72,1.0,0.6799999999999999,0.6799999999999999,0.810546875,0.640625,0.8310546875,0.80078125,0.55810546875
img_01165.png,0.8400000000000001,0.5599999999999999,0.72,0.6,0.32,0.658203125,0.662109375,0.85595703125,0.66552734375,0.546875
img_01166.png,0.8,0.8,0.8800000000000001,0.52,0.76,0.5849609375,0.658203125,0.83349609375,0.5927734375,0.6298828125
img_01167.png,0.6799999999999999,0.8400000000000001,0.8400000000000001,0.5599999999999999,0.48,0.841796875,0.865234375,0.845703125,0.78271484375,0.77734375
img_01168.png,0.8800000000000001,0.72,0.72,0.6799999999999999,0.52,0.80078125,0.64404296875,0.67578125,0.6298828125,0.441650390625
img_01169.png,0.6,0.6,0.8800000000000001,0.6,0.52,0.89013671875,0.73388671875,0.9072265625,0.90478515625,0.708984375
img_01170.png,0.8400000000000001,0.72,0.8,0.64,0.64,0.69287109375,0.62255859375,0.88427734375,0.77978515625,0.79296875
img_01171.png,0.8800000000000001,0.8,0.9199999999999999,0.9199999999999999,0.72,0.84375,0.85791015625,0.91259765625,0.888671875,0.73388671875
img_01172.png,0.6799999999999999,0.8400000000000001,0.8800000000000001,0.6,0.6799999999999999,0.7548828125,0.88427734375,0.822265625,0.70263671875,0.7490234375
img_01173.png,0.8400000000000001,0.8,0.9199999999999999,0.72,0.72,0.8759765625,0.79833984375,0.8671875,0.83544921875,0.67236328125
img_01174.png,0.9199999999999999,0.6,0.8800000000000001,0.72,0.72,0.82421875,0.8173828125,0.65478515625,0.58154296875,0.56591796875
img_01175.png,0.6799999999999999,0.52,0.8,0.76,0.5599999999999999,0.85595703125,0.89306640625,0.8740234375,0.87060546875,0.68603515625
img_01176.png,0.76,0.76,0.9199999999999999,0.64,0.6799999999999999,0.63720703125,0.5390625,0.751953125,0.6513671875,0.69921875
img_01177.png,0.52,0.6799999999999999,0.52,0.44000000000000006,0.44000000000000006,0.640625,0.55078125,0.65478515625,0.4765625,0.5078125
img_01178.png,0.8400000000000001,0.6,0.8400000000000001,0.72,0.8,0.751953125,0.6689453125,0.6826171875,0.55078125,0.57373046875
img_01179.png,0.96,0.76,1.0,0.6,0.72,0.888671875,0.8759765625,0.9306640625,0.880859375,0.78515625
img_01180.png,0.6,0.8400000000000001,0.9199999999999999,0.6799999999999999,0.52,0.5078125,0.71240234375,0.85595703125,0.67919921875,0.65478515625
img_01181.png,0.76,0.6799999999999999,0.8400000000000001,0.8,0.72,0.88232421875,0.83984375,0.86865234375,0.89501953125,0.67578125
img_01182.png,0.6799999999999999,0.72,0.8800000000000001,0.64,0.6799999999999999,0.62255859375,0.80810546875,0.79296875,0.58154296875,0.67919921875
img_01183.png,0.96,0.8800000000000001,1.0,0.8,0.5599999999999999,0.841796875,0.865234375,0.8974609375,0.88232421875,0.71875
img_01184.png,0.8400000000000001,0.6,0.76,0.8800000000000001,0.44000000000000006,0.81982421875,0.5849609375,0.63720703125,0.71533203125,0.615234375
img_01185.png,0.8400000000000001,0.8800000000000001,0.8800000000000001,0.76,0.72,0.86865234375,0.82421875,0.8974609375,0.900390625,0.67578125
img_01186.png,0.9199999999999999,0.9199999999999999,0.9199999999999999,0.8400000000000001,0.6799999999999999,0.89013671875,0.8173828125,0.82666015625,0.841796875,0.59619140625
img_01187.png,0.9199999999999999,0.8400000000000001,0.76,0.9199999999999999,0.76,0.81298828125,0.880859375,0.8671875,0.8740234375,0.62255859375
img_01188.png,0.76,0.76,0.76,0.6799999999999999,0.9199999999999999,0.861328125,0.8740234375,0.7548828125,0.71875,0.76904296875
img_01189.png,0.8400000000000001,0.8,0.96,0.64,0.6,0.86865234375,0.810546875,0.89892578125,0.888671875,0.607421875
img_01190.png,0.6799999999999999,0.8800000000000001,0.9199999999999999,0.64,0.72,0.62255859375,0.78515625,0.611328125,0.49609375,0.64404296875
img_01191.png,0.64,0.76,0.9199999999999999,0.6799999999999999,0.4,0.2337646484375,0.47265625,0.841796875,0.52734375,0.43408203125
img_01192.png,0.8,0.64,0.8400000000000001,0.6799999999999999,0.8400000000000001,0.37744140625,0.67919921875,0.89501953125,0.64404296875,0.6298828125
img_01193.png,0.8400000000000001,0.8400000000000001,0.9199999999999999,0.8400000000000001,0.8400000000000001,0.841796875,0.7744140625,0.607421875,0.7373046875,0.82421875
img_01194.png,0.8800000000000001,0.8400000000000001,0.96,0.5599999999999999,0.44000000000000006,0.88720703125,0.85986328125,0.89892578125,0.87744140625,0.70556640625
img_01195.png,0.8400000000000001,0.8800000000000001,0.9199999999999999,0.6799999999999999,0.5599999999999999,0.72802734375,0.79052734375,0.8291015625,0.72509765625,0.640625
img_01196.png,0.6,0.6799999999999999,0.6799999999999999,0.6,0.64,0.441650390625,0.60400390625,0.615234375,0.51171875,0.46484375
img_01197.png,0.44000000000000006,0.6799999999999999,0.72,0.44000000000000006,0.5599999999999999,0.50390625,0.740234375,0.61865234375,0.388671875,0.66552734375
img_01198.png,0.96,0.6799999999999999,0.96,0.52,0.52,0.90185546875,0.73095703125,0.84375,0.77734375,0.4609375
img_01199.png,0.76,0.8400000000000001,0.8,0.64,0.6799999999999999,0.7578125,0.70263671875,0.46484375,0.60400390625,0.7373046875
img_01200.png,0.8400000000000001,0.72,0.96,0.8400000000000001,0.48,0.900390625,0.79833984375,0.80078125,0.83984375,0.53515625
img_01201.png,0.76,0.6799999999999999,0.96,0.72,0.5599999999999999,0.5234375,0.67578125,0.85791015625,0.65478515625,0.453369140625
img_01202.png,0.32,0.6799999999999999,0.64,0.72,0.44000000000000006,0.2568359375,0.515625,0.82421875,0.4765625,0.32080078125
img_01203.png,0.8400000000000001,0.76,0.96,0.8,0.72,0.841796875,0.86328125,0.73095703125,0.6689453125,0.72509765625
img_01204.png,0.64,0.8,0.8400000000000001,0.6799999999999999,0.9199999999999999,0.8291015625,0.8310546875,0.841796875,0.84814453125,0.67236328125
img_01205.png,0.8,0.6799999999999999,0.96,0.6,0.6,0.85400390625,0.88232421875,0.79833984375,0.81298828125,0.73095703125
img_01206.png,0.72,0.6,0.6799999999999999,0.8400000000000001,0.6799999999999999,0.7880859375,0.79833984375,0.79052734375,0.6298828125,0.5
img_01207.png,0.76,0.5599999999999999,0.9199999999999999,0.6,0.8800000000000001,0.46484375,0.80078125,0.89306640625,0.48828125,0.68603515625
img_01208.png,0.76,0.9199999999999999,0.8800000000000001,0.64,0.8,0.6513671875,0.83984375,0.57373046875,0.5078125,0.58154296875
img_01209.png,0.64,0.6799999999999999,1.0,0.72,0.4,0.36669921875,0.43408203125,0.85595703125,0.385009765625,0.418701171875
img_01210.png,0.8,0.6799999999999999,0.8800000000000001,0.6799999999999999,0.9199999999999999,0.607421875,0.64794921875,0.6259765625,0.63720703125,0.658203125
img_01211.png,0.8800000000000001,0.6799999999999999,0.72,0.4,0.72,0.85205078125,0.79833984375,0.689453125,0.740234375,0.546875
img_01212.png,0.9199999999999999,0.8,0.76,0.72,0.52,0.896484375,0.8056640625,0.8154296875,0.85986328125,0.6259765625
img_01213.png,0.8400000000000001,0.8800000000000001,0.6,0.72,0.6799999999999999,0.69287109375,0.7958984375,0.708984375,0.658203125,0.77978515625
img_01214.png,0.4,0.72,0.96,0.76,0.72,0.341552734375,0.55078125,0.888671875,0.640625,0.5849609375
img_01215.png,0.6799999999999999,0.6,0.6,0.6,0.5599999999999999,0.77734375,0.5234375,0.56591796875,0.71533203125,0.60400390625
img_01216.png,0.5599999999999999,0.6,0.96,0.5599999999999999,0.52,0.291015625,0.55810546875,0.71875,0.37744140625,0.46484375
img_01217.png,0.8800000000000001,0.8800000000000001,0.8,0.76,0.72,0.6259765625,0.8310546875,0.77197265625,0.60400390625,0.70263671875
img_01218.png,0.96,0.32,0.76,0.72,0.64,0.931640625,0.47265625,0.76611328125,0.67236328125,0.359375
img_01219.png,0.8,0.64,0.8400000000000001,0.72,0.4,0.7216796875,0.51171875,0.69580078125,0.69580078125,0.71533203125
img_01220.png,0.64,0.64,0.96,0.8,0.72,0.56591796875,0.63720703125,0.7607421875,0.5546875,0.53515625
img_01221.png,0.8800000000000001,0.72,0.8400000000000001,0.48,0.8,0.8154296875,0.87060546875,0.8740234375,0.85595703125,0.73388671875
img_01222.png,0.9199999999999999,0.8,0.8,0.64,0.64,0.85400390625,0.7880859375,0.76611328125,0.79833984375,0.59619140625
img_01223.png,0.8400000000000001,0.6799999999999999,0.8800000000000001,0.6,0.8400000000000001,0.82666015625,0.77978515625,0.69580078125,0.67578125,0.5888671875
img_01224.png,0.8400000000000001,0.76,0.96,0.8800000000000001,0.6799999999999999,0.91748046875,0.8154296875,0.85400390625,0.84375,0.740234375
img_01225.png,0.96,0.8,0.8400000000000001,0.8400000000000001,0.8800000000000001,0.80322265625,0.865234375,0.91748046875,0.85205078125,0.70263671875
img_01226.png,0.8800000000000001,0.76,0.76,0.8,0.72,0.7431640625,0.53125,0.69921875,0.63720703125,0.51171875
img_01227.png,0.52,0.72,0.96,0.6799999999999999,0.6,0.338134765625,0.57763671875,0.85400390625,0.55810546875,0.373779296875
img_01228.png,0.76,0.8800000000000001,0.8800000000000001,0.64,0.8800000000000001,0.5,0.5849609375,0.64794921875,0.52734375,0.59619140625
img_01229.png,0.52,0.76,0.9199999999999999,0.6799999999999999,0.76,0.39990234375,0.63330078125,0.72509765625,0.36669921875,0.53125
img_01230.png,0.76,0.76,0.72,0.5599999999999999,0.44000000000000006,0.5,0.607421875,0.70556640625,0.48828125,0.5888671875
img_01231.png,0.8,0.8,0.8400000000000001,0.76,0.72,0.8857421875,0.69287109375,0.80810546875,0.708984375,0.61865234375
img_01232.png,0.6,0.6,0.8400000000000001,0.6799999999999999,0.32,0.60009765625,0.515625,0.56591796875,0.49609375,0.63720703125
img_01233.png,0.72,0.8400000000000001,0.8400000000000001,0.6,0.8,0.80810546875,0.79052734375,0.8671875,0.85595703125,0.70556640625
img_01234.png,0.8,0.72,0.8400000000000001,0.6799999999999999,0.64,0.8974609375,0.66552734375,0.861328125,0.841796875,0.615234375
img_01235.png,0.72,0.76,0.8800000000000001,0.5599999999999999,0.6,0.63330078125,0.8056640625,0.73095703125,0.4765625,0.607421875
img_01236.png,0.76,0.72,0.76,0.64,0.6,0.91748046875,0.56591796875,0.73095703125,0.82666015625,0.70263671875
img_01237.png,0.6799999999999999,0.6799999999999999,0.72,0.64,0.8,0.9033203125,0.86328125,0.8291015625,0.82666015625,0.67236328125
img_01238.png,0.72,0.76,0.72,0.64,0.8,0.69287109375,0.7958984375,0.708984375,0.658203125,0.77978515625
img_01239.png,0.8,0.76,0.8800000000000001,0.64,0.76,0.810546875,0.8310546875,0.896484375,0.87255859375,0.607421875
img_01240.png,0.8800000000000001,0.48,0.72,0.8,0.6799999999999999,0.77197265625,0.53515625,0.60009765625,0.63720703125,0.6689453125
img_01241.png,0.76,0.6799999999999999,0.8800000000000001,0.64,0.44000000000000006,0.83349609375,0.8310546875,0.58154296875,0.607421875,0.58154296875
img_01242.png,0.8800000000000001,0.5599999999999999,0.8800000000000001,0.72,0.64,0.640625,0.63330078125,0.78515625,0.615234375,0.53515625
img_01243.png,0.72,0.8400000000000001,0.96,0.8,0.76,0.8173828125,0.78515625,0.93896484375,0.88232421875,0.751953125
img_01244.png,0.6799999999999999,0.72,0.72,0.64,0.6,0.80322265625,0.4609375,0.5390625,0.63720703125,0.422607421875
img_01245.png,0.8,0.8400000000000001,0.76,0.6799999999999999,0.6799999999999999,0.85400390625,0.72509765625,0.81298828125,0.73095703125,0.5888671875
img_01246.png,0.64,0.8400000000000001,0.72,0.72,0.52,0.5390625,0.5390625,0.6298828125,0.43408203125,0.359375
img_01247.png,0.72,0.64,0.6799999999999999,0.64,0.44000000000000006,0.71875,0.78271484375,0.763671875,0.640625,0.55078125
img_01248.png,0.6,0.6799999999999999,0.8400000000000001,0.8800000000000001,0.52,0.60009765625,0.66552734375,0.7880859375,0.708984375,0.60400390625
img_01249.png,0.9199999999999999,0.6799999999999999,0.8400000000000001,0.8800000000000001,0.44000000000000006,0.82666015625,0.72802734375,0.740234375,0.77197265625,0.66552734375
img_01250.png,0.8400000000000001,0.8800000000000001,0.9199999999999999,0.6799999999999999,0.6,0.388671875,0.64794921875,0.611328125,0.287841796875,0.6298828125
img_01251.png,0.76,0.6,0.6799999999999999,0.9199999999999999,0.72,0.841796875,0.63330078125,0.51171875,0.72509765625,0.60009765625
img_01252.png,0.5599999999999999,0.64,0.8800000000000001,0.72,0.52,0.52734375,0.5078125,0.77197265625,0.689453125,0.68603515625
img_01253.png,0.8400000000000001,0.6799999999999999,0.9199999999999999,0.72,0.6799999999999999,0.7578125,0.7607421875,0.83984375,0.7548828125,0.62255859375
img_01254.png,0.72,0.72,0.8800000000000001,0.72,0.6,0.76904296875,0.67578125,0.70556640625,0.7607421875,0.77734375
img_01255.png,0.8,0.8400000000000001,0.6799999999999999,0.52,0.52,0.5,0.607421875,0.70556640625,0.48828125,0.5888671875
img_01256.png,0.64,0.8400000000000001,0.9199999999999999,0.64,0.6,0.4765625,0.7548828125,0.8056640625,0.57763671875,0.53515625
img_01257.png,0.9199999999999999,0.9199999999999999,0.64,0.64,0.72,0.880859375,0.70556640625,0.5,0.8154296875,0.76611328125
img_01258.png,0.6,0.4,0.8800000000000001,0.76,0.72,0.70556640625,0.43017578125,0.441650390625,0.441650390625,0.5234375
img_01259.png,0.9199999999999999,0.8,1.0,0.8400000000000001,0.64,0.78515625,0.8740234375,0.888671875,0.86865234375,0.658203125
img_01260.png,1.0,0.6799999999999999,0.8400000000000001,0.8400000000000001,0.6799999999999999,0.85791015625,0.822265625,0.79052734375,0.6826171875,0.58154296875
img_01261.png,0.76,0.8,0.6,0.64,0.6,0.69580078125,0.6689453125,0.71240234375,0.6298828125,0.52734375
img_01262.png,0.9199999999999999,0.72,0.96,0.64,0.8400000000000001,0.68603515625,0.845703125,0.73095703125,0.615234375,0.61865234375
img_01263.png,0.9199999999999999,0.52,0.9199999999999999,0.64,0.76,0.8857421875,0.53125,0.71875,0.71240234375,0.71240234375
img_01264.png,0.8400000000000001,0.72,0.72,0.8400000000000001,0.76,0.841796875,0.82666015625,0.83544921875,0.71533203125,0.67578125
img_01265.png,0.8400000000000001,0.8,0.72,0.72,0.76,0.6259765625,0.6259765625,0.56591796875,0.5546875,0.5849609375
img_01266.png,0.6799999999999999,0.6,0.76,0.76,0.5599999999999999,0.3486328125,0.5546875,0.71875,0.43017578125,0.359375
img_01267.png,0.8800000000000001,0.72,0.96,0.52,0.6,0.865234375,0.83544921875,0.67236328125,0.78271484375,0.5390625
img_01268.png,0.8400000000000001,0.6,0.76,0.64,0.5599999999999999,0.78271484375,0.8310546875,0.5849609375,0.607421875,0.61865234375
img_01269.png,0.72,0.8,0.72,0.8800000000000001,0.4,0.82666015625,0.72802734375,0.740234375,0.77197265625,0.66552734375
img_01270.png,0.5599999999999999,0.64,0.8,0.48,0.6799999999999999,0.2568359375,0.57373046875,0.763671875,0.373779296875,0.46875
img_01271.png,0.6799999999999999,0.6,0.9199999999999999,0.76,0.4,0.845703125,0.81298828125,0.83349609375,0.84814453125,0.7431640625
img_01272.png,0.36,0.64,0.8400000000000001,0.52,0.64,0.219970703125,0.62255859375,0.82666015625,0.50390625,0.392333984375
img_01273.png,0.5599999999999999,0.44000000000000006,0.72,0.52,0.6,0.5390625,0.55078125,0.57763671875,0.55078125,0.47265625
img_01274.png,1.0,0.6,0.9199999999999999,0.5599999999999999,0.44000000000000006,0.84375,0.8056640625,0.85400390625,0.841796875,0.658203125
img_01275.png,0.8800000000000001,0.76,0.76,0.8,0.6,0.77197265625,0.763671875,0.79052734375,0.67578125,0.70556640625
img_01276.png,1.0,0.5599999999999999,1.0,0.72,0.72,0.845703125,0.77978515625,0.82666015625,0.85205078125,0.57763671875
img_01277.png,0.6,0.5599999999999999,0.8,1.0,0.48,0.73095703125,0.5234375,0.71533203125,0.658203125,0.51953125
img_01278.png,0.76,0.44000000000000006,0.76,0.6799999999999999,0.36,0.80078125,0.262939453125,0.71240234375,0.5546875,0.2254638671875
img_01279.png,0.6799999999999999,0.76,0.8,0.6,0.5599999999999999,0.7490234375,0.441650390625,0.53515625,0.607421875,0.4609375
img_01280.png,0.72,0.52,0.8800000000000001,0.8800000000000001,0.76,0.5,0.740234375,0.68603515625,0.5849609375,0.64794921875
img_01281.png,0.52,0.6799999999999999,1.0,0.76,0.52,0.392333984375,0.55078125,0.8056640625,0.5234375,0.56591796875
img_01282.png,0.76,0.72,0.8,0.76,0.36,0.7216796875,0.7744140625,0.7548828125,0.63720703125,0.607421875
img_01283.png,0.8400000000000001,0.6799999999999999,0.8,0.64,0.64,0.8857421875,0.763671875,0.78515625,0.83984375,0.62255859375
img_01284.png,0.8800000000000001,0.64,0.5599999999999999,0.52,0.48,0.78271484375,0.8310546875,0.5849609375,0.607421875,0.61865234375
img_01285.png,0.8800000000000001,0.8400000000000001,1.0,0.8,0.8,0.85400390625,0.8857421875,0.85986328125,0.865234375,0.662109375
img_01286.png,0.8,0.8400000000000001,1.0,0.8,0.6,0.865234375,0.7607421875,0.89306640625,0.85986328125,0.74609375
img_01287.png,0.52,0.76,0.6,0.8,0.6,0.7373046875,0.60400390625,0.60009765625,0.6298828125,0.67919921875
img_01288.png,0.72,0.8,0.96,0.72,0.44000000000000006,0.70263671875,0.68603515625,0.90478515625,0.76611328125,0.67578125
img_01289.png,0.72,0.6799999999999999,0.8800000000000001,0.6,0.8400000000000001,0.87255859375,0.740234375,0.7578125,0.64794921875,0.52734375
img_01290.png,0.36,0.36,0.76,0.6,0.76,0.381103515625,0.414794921875,0.615234375,0.57763671875,0.53125
img_01291.png,0.8800000000000001,0.72,1.0,0.64,0.6799999999999999,0.87890625,0.80322265625,0.841796875,0.82666015625,0.59619140625
img_01292.png,0.72,0.5599999999999999,0.8,0.64,0.5599999999999999,0.5927734375,0.48828125,0.70263671875,0.4765625,0.338134765625
img_01293.png,0.5599999999999999,0.72,0.8400000000000001,0.48,0.52,0.27197265625,0.4111328125,0.8056640625,0.4609375,0.4111328125
img_01294.png,0.48,0.64,0.8,0.6,0.5599999999999999,0.31396484375,0.53125,0.515625,0.33447265625,0.515625
img_01295.png,0.64,0.6799999999999999,0.8800000000000001,0.8,0.6799999999999999,0.56982421875,0.77197265625,0.896484375,0.6513671875,0.689453125
img_01296.png,0.6799999999999999,0.76,0.72,0.48,0.48,0.7744140625,0.6513671875,0.68603515625,0.615234375,0.5078125
img_01297.png,1.0,0.8400000000000001,0.96,0.8400000000000001,0.96,0.9033203125,0.85205078125,0.83544921875,0.86865234375,0.763671875
img_01298.png,0.6,0.72,0.6799999999999999,0.72,0.6799999999999999,0.31396484375,0.55078125,0.71533203125,0.392333984375,0.418701171875
img_01299.png,0.8400000000000001,0.6799999999999999,0.8400000000000001,0.72,0.72,0.82666015625,0.810546875,0.84814453125,0.83984375,0.53125
img_01300.png,0.8,0.6799999999999999,0.96,0.8,0.5599999999999999,0.8857421875,0.78271484375,0.89306640625,0.88720703125,0.67919921875
img_01301.png,0.8,0.6799999999999999,0.96,0.64,0.8,0.87255859375,0.85400390625,0.861328125,0.79833984375,0.689453125
img_01302.png,0.8,0.8,0.76,0.72,0.6,0.78271484375,0.73095703125,0.71875,0.72509765625,0.65478515625
img_01303.png,0.96,0.72,0.8400000000000001,0.8400000000000001,0.76,0.73095703125,0.5927734375,0.7216796875,0.708984375,0.63720703125
img_01304.png,0.64,0.76,1.0,0.6799999999999999,0.44000000000000006,0.51171875,0.71533203125,0.87255859375,0.68603515625,0.611328125
img_01305.png,0.8400000000000001,0.6,0.9199999999999999,0.8,0.6799999999999999,0.662109375,0.77197265625,0.85791015625,0.70263671875,0.615234375
img_01306.png,0.8400000000000001,0.72,1.0,0.8800000000000001,0.8400000000000001,0.8974609375,0.60009765625,0.67236328125,0.841796875,0.689453125
img_01307.png,0.9199999999999999,0.72,0.9199999999999999,0.6799999999999999,0.6,0.84375,0.81982421875,0.841796875,0.69921875,0.64794921875
img_01308.png,0.5599999999999999,0.64,0.8800000000000001,0.96,0.76,0.900390625,0.708984375,0.763671875,0.77978515625,0.58154296875
img_01309.png,0.72,0.76,0.8800000000000001,0.72,0.76,0.865234375,0.84814453125,0.87255859375,0.82666015625,0.7431640625
img_01310.png,0.52,0.72,0.8400000000000001,0.64,0.5599999999999999,0.49609375,0.4921875,0.8173828125,0.6513671875,0.53125
img_01311.png,0.8,0.9199999999999999,1.0,0.76,0.76,0.7958984375,0.90185546875,0.87060546875,0.7373046875,0.7373046875
img_01312.png,0.76,0.6799999999999999,0.8,0.76,0.44000000000000006,0.6826171875,0.658203125,0.59619140625,0.60009765625,0.607421875
img_01313.png,0.48,0.76,0.9199999999999999,0.5599999999999999,0.36,0.2451171875,0.5849609375,0.7744140625,0.51171875,0.46484375
img_01314.png,0.8400000000000001,0.6799999999999999,1.0,0.6,0.52,0.865234375,0.81298828125,0.86865234375,0.7880859375,0.67919921875
img_01315.png,0.8,0.72,0.8800000000000001,0.8400000000000001,0.72,0.82666015625,0.7578125,0.74609375,0.72509765625,0.54296875
img_01316.png,0.8,0.6799999999999999,0.9199999999999999,0.64,0.52,0.751953125,0.62255859375,0.740234375,0.6259765625,0.56591796875
img_01317.png,0.96,0.8,1.0,0.76,0.6799999999999999,0.78515625,0.73095703125,0.9150390625,0.79052734375,0.611328125
img_01318.png,0.96,0.6799999999999999,0.96,0.52,0.6,0.60009765625,0.73388671875,0.83544921875,0.658203125,0.56201171875
img_01319.png,0.6,0.76,0.36,0.44000000000000006,0.6,0.363037109375,0.66552734375,0.6826171875,0.5,0.55078125
img_01320.png,0.76,0.6,0.8800000000000001,0.72,0.52,0.79296875,0.7607421875,0.8154296875,0.71533203125,0.67236328125
img_01321.png,0.6799999999999999,0.72,0.64,0.64,0.6,0.56591796875,0.51171875,0.39599609375,0.355712890625,0.607421875
img_01322.png,0.9199999999999999,0.76,0.8400000000000001,0.8,0.52,0.85009765625,0.880859375,0.85986328125,0.82666015625,0.689453125
img_01323.png,0.76,0.5599999999999999,0.76,0.76,0.8,0.48828125,0.67919921875,0.6259765625,0.45703125,0.4765625
img_01324.png,0.52,0.72,0.76,0.76,0.6,0.2451171875,0.5546875,0.70556640625,0.42626953125,0.51171875
img_01325.png,0.8,0.8,0.8,0.8,0.6799999999999999,0.90869140625,0.607421875,0.763671875,0.708984375,0.57373046875
img_01326.png,0.48,0.6,0.6799999999999999,0.8,0.6,0.484375,0.6298828125,0.662109375,0.51171875,0.58154296875
img_01327.png,0.9199999999999999,0.8,0.8800000000000001,0.6799999999999999,0.52,0.88232421875,0.64404296875,0.87890625,0.84375,0.78515625
img_01328.png,0.72,0.8800000000000001,0.52,0.8,0.72,0.83349609375,0.72802734375,0.87255859375,0.81298828125,0.72802734375
img_01329.png,0.6799999999999999,0.72,0.76,0.9199999999999999,0.52,0.73095703125,0.5927734375,0.7216796875,0.708984375,0.63720703125
img_01330.png,0.72,0.8400000000000001,0.6799999999999999,0.6,0.72,0.69580078125,0.71875,0.56982421875,0.60400390625,0.67236328125
img_01331.png,1.0,0.76,0.9199999999999999,0.76,0.4,0.88232421875,0.52734375,0.7880859375,0.5888671875,0.4921875
img_01332.png,0.8800000000000001,0.72,0.6799999999999999,0.8400000000000001,0.6799999999999999,0.8740234375,0.67578125,0.7744140625,0.79296875,0.70263671875
img_01333.png,0.8400000000000001,0.8400000000000001,0.6799999999999999,0.6,0.6799999999999999,0.4111328125,0.62255859375,0.611328125,0.43408203125,0.55810546875
img_01334.png,0.64,0.76,0.9199999999999999,0.6799999999999999,0.6,0.68603515625,0.6298828125,0.89501953125,0.83740234375,0.62255859375
img_01335.png,0.8,0.64,0.72,0.5599999999999999,0.64,0.7548828125,0.71240234375,0.80810546875,0.7490234375,0.69580078125
img_01336.png,0.96,0.64,0.8,0.76,0.76,0.845703125,0.78515625,0.708984375,0.70263671875,0.7373046875
img_01337.png,0.8400000000000001,0.6799999999999999,0.8400000000000001,0.44000000000000006,0.6,0.85595703125,0.33447265625,0.69580078125,0.7373046875,0.62255859375
img_01338.png,0.8,0.6,0.96,0.76,0.6,0.880859375,0.71240234375,0.85595703125,0.86328125,0.5888671875
img_01339.png,0.64,0.72,1.0,0.52,0.8400000000000001,0.281494140625,0.5078125,0.7607421875,0.51171875,0.4609375
img_01340.png,0.72,0.6,0.6,0.64,0.52,0.67578125,0.54296875,0.515625,0.56201171875,0.5927734375
img_01341.png,0.6,0.8,0.8800000000000001,0.6799999999999999,0.76,0.52734375,0.62255859375,0.67578125,0.60009765625,0.60009765625
img_01342.png,0.5599999999999999,0.48,0.64,0.76,0.32,0.5849609375,0.61865234375,0.5927734375,0.418701171875,0.48828125
img_01343.png,0.8400000000000001,0.72,0.8,0.72,0.5599999999999999,0.55078125,0.4072265625,0.640625,0.611328125,0.49609375
img_01344.png,0.76,0.52,0.8800000000000001,0.8800000000000001,0.8,0.67578125,0.5927734375,0.83349609375,0.5927734375,0.53515625
img_01345.png,0.8,0.8,1.0,0.76,0.8,0.83544921875,0.83740234375,0.8759765625,0.8291015625,0.66552734375
img_01346.png,0.6799999999999999,0.64,0.6,0.6,0.44000000000000006,0.611328125,0.55078125,0.53515625,0.4921875,0.4921875
img_01347.png,0.76,0.52,0.96,0.72,0.72,0.72802734375,0.56591796875,0.7216796875,0.6513671875,0.5849609375
img_01348.png,0.8,0.6,0.8,0.6799999999999999,0.36,0.5927734375,0.441650390625,0.6513671875,0.56591796875,0.51953125
img_01349.png,0.48,0.5599999999999999,0.96,0.9199999999999999,0.5599999999999999,0.414794921875,0.4609375,0.89892578125,0.5390625,0.39990234375
img_01350.png,0.72,0.72,0.8800000000000001,0.8,0.52,0.85400390625,0.72802734375,0.8056640625,0.8056640625,0.6259765625
img_01351.png,0.96,0.64,0.8,0.6799999999999999,0.6,0.92529296875,0.82666015625,0.763671875,0.76611328125,0.5888671875
img_01352.png,0.76,0.64,0.72,0.76,0.48,0.68603515625,0.52734375,0.7958984375,0.5849609375,0.32421875
img_01353.png,0.6,0.5599999999999999,0.6799999999999999,0.72,0.6,0.810546875,0.73095703125,0.63330078125,0.76611328125,0.70263671875
img_01354.png,0.64,0.72,0.8,0.8,0.6799999999999999,0.5078125,0.71240234375,0.85595703125,0.67919921875,0.65478515625
img_01355.png,0.8,0.76,0.8400000000000001,0.72,0.48,0.87744140625,0.79052734375,0.72802734375,0.77197265625,0.58154296875
img_01356.png,0.5599999999999999,0.6,0.8800000000000001,0.76,0.52,0.37744140625,0.6259765625,0.8671875,0.52734375,0.5849609375
img_01357.png,0.8400000000000001,0.52,0.76,0.8,0.64,0.60009765625,0.70556640625,0.708984375,0.57763671875,0.67578125
img_01358.png,0.8400000000000001,0.76,0.96,0.76,0.8,0.48046875,0.69921875,0.8974609375,0.708984375,0.69287109375
img_01359.png,0.9199999999999999,0.8400000000000001,0.96,0.64,0.6,0.841796875,0.865234375,0.845703125,0.78271484375,0.77734375
img_01360.png,0.8400000000000001,0.6799999999999999,0.8800000000000001,0.72,0.64,0.81298828125,0.83740234375,0.86865234375,0.81298828125,0.7216796875
img_01361.png,0.76,0.9199999999999999,0.9199999999999999,0.52,0.44000000000000006,0.86328125,0.8291015625,0.85986328125,0.7744140625,0.67578125
img_01362.png,0.52,0.5599999999999999,0.8,0.6799999999999999,0.64,0.71240234375,0.708984375,0.91748046875,0.76611328125,0.69921875
img_01363.png,0.5599999999999999,0.72,0.8400000000000001,0.76,0.5599999999999999,0.32421875,0.56201171875,0.7880859375,0.403564453125,0.39599609375
img_01364.png,0.6,0.72,0.96,0.72,0.76,0.294189453125,0.6259765625,0.71875,0.445556640625,0.5849609375
img_01365.png,0.8,0.76,0.8400000000000001,0.8,0.72,0.88427734375,0.751953125,0.74609375,0.8310546875,0.81298828125
img_01366.png,0.8,0.76,0.8,0.6,0.6799999999999999,0.5927734375,0.7578125,0.751953125,0.658203125,0.69921875
img_01367.png,0.76,0.8,0.8400000000000001,0.76,0.64,0.8671875,0.861328125,0.70556640625,0.73388671875,0.61865234375
img_01368.png,0.5599999999999999,0.64,0.52,0.6,0.6799999999999999,0.363037109375,0.54296875,0.73095703125,0.56201171875,0.4609375
img_01369.png,0.72,0.72,0.6,0.44000000000000006,0.5599999999999999,0.441650390625,0.7431640625,0.6259765625,0.5,0.5234375
img_01370.png,0.96,0.8,0.8400000000000001,0.5599999999999999,0.6799999999999999,0.85595703125,0.89306640625,0.8740234375,0.87060546875,0.68603515625
img_01371.png,0.8400000000000001,0.6799999999999999,0.6799999999999999,0.6799999999999999,0.6799999999999999,0.61865234375,0.62255859375,0.449462890625,0.45703125,0.640625
img_01372.png,0.8,0.6799999999999999,0.6,0.52,0.5599999999999999,0.8291015625,0.662109375,0.5,0.70263671875,0.70556640625
img_01373.png,0.76,0.6799999999999999,0.8400000000000001,0.6799999999999999,0.4,0.8916015625,0.67236328125,0.845703125,0.810546875,0.3701171875
img_01374.png,0.8400000000000001,0.76,0.8,0.76,0.48,0.62255859375,0.5927734375,0.57763671875,0.445556640625,0.58154296875
img_01375.png,0.8800000000000001,0.44000000000000006,0.72,0.8400000000000001,0.6799999999999999,0.67578125,0.54296875,0.515625,0.56201171875,0.5927734375
img_01376.png,0.9199999999999999,0.76,0.96,0.64,0.6799999999999999,0.88232421875,0.83984375,0.86865234375,0.89501953125,0.67578125
img_01377.png,0.64,0.64,0.8400000000000001,0.6,0.8,0.37744140625,0.658203125,0.8759765625,0.52734375,0.5888671875
img_01378.png,0.8,0.5599999999999999,0.8800000000000001,0.8400000000000001,0.6799999999999999,0.5390625,0.708984375,0.845703125,0.62255859375,0.67236328125
img_01379.png,0.72,0.76,0.96,0.8,0.64,0.84375,0.7373046875,0.81298828125,0.7548828125,0.607421875
img_01380.png,0.8400000000000001,0.48,0.6799999999999999,0.52,0.6799999999999999,0.80078125,0.64404296875,0.67578125,0.6298828125,0.441650390625
img_01381.png,0.8400000000000001,0.8,0.8400000000000001,0.64,0.72,0.83984375,0.85400390625,0.8857421875,0.81982421875,0.73388671875
img_01382.png,0.8,0.8400000000000001,0.8400000000000001,0.8400000000000001,0.72,0.88720703125,0.763671875,0.82421875,0.77978515625,0.71533203125
img_01383.png,1.0,0.6,0.8,0.6799999999999999,0.48,0.80322265625,0.611328125,0.751953125,0.5888671875,0.64794921875
img_01384.png,0.52,0.6,1.0,0.52,0.5599999999999999,0.34521484375,0.58154296875,0.80810546875,0.5390625,0.51171875
img_01385.png,0.8,0.44000000000000006,0.44000000000000006,0.5599999999999999,0.32,0.611328125,0.55078125,0.53515625,0.4921875,0.4921875
img_01386.png,0.9199999999999999,0.52,0.76,0.8400000000000001,0.8800000000000001,0.900390625,0.67578125,0.87060546875,0.83740234375,0.64794921875
img_01387.png,0.76,0.76,0.72,0.76,0.72,0.4072265625,0.615234375,0.80078125,0.56201171875,0.5
img_01388.png,0.76,0.44000000000000006,0.8800000000000001,0.52,0.4,0.68603515625,0.52734375,0.7958984375,0.5849609375,0.32421875
img_01389.png,0.64,0.64,0.8800000000000001,0.6799999999999999,0.6799999999999999,0.352294921875,0.67236328125,0.896484375,0.5078125,0.58154296875
img_01390.png,0.6,0.6799999999999999,0.8400000000000001,0.8800000000000001,0.6799999999999999,0.546875,0.72802734375,0.72509765625,0.59619140625,0.70263671875
img_01391.png,0.8,0.6,0.72,0.5599999999999999,0.6,0.5888671875,0.56591796875,0.5927734375,0.56982421875,0.5927734375
img_01392.png,0.8,0.64,0.8400000000000001,0.6799999999999999,0.44000000000000006,0.81982421875,0.5849609375,0.63720703125,0.71533203125,0.615234375
img_01393.png,0.8,0.6,0.72,0.6799999999999999,0.5599999999999999,0.8291015625,0.662109375,0.5,0.70263671875,0.70556640625
img_01394.png,0.9199999999999999,0.8800000000000001,1.0,0.8,0.48,0.87890625,0.822265625,0.85205078125,0.71240234375,0.57373046875
img_01395.png,0.8800000000000001,0.72,0.6799999999999999,0.8,0.9199999999999999,0.87744140625,0.611328125,0.7607421875,0.74609375,0.67578125
img_01396.png,0.9199999999999999,0.6,0.8800000000000001,0.8800000000000001,0.48,0.85205078125,0.484375,0.80078125,0.7373046875,0.640625
img_01397.png,0.9199999999999999,0.76,0.9199999999999999,0.8,0.6799999999999999,0.88720703125,0.763671875,0.82421875,0.77978515625,0.71533203125
img_01398.png,0.6,0.52,0.5599999999999999,0.44000000000000006,0.44000000000000006,0.204345703125,0.49609375,0.69580078125,0.3486328125,0.373779296875
img_01399.png,0.8,0.8400000000000001,0.72,0.5599999999999999,0.44000000000000006,0.84375,0.85009765625,0.6513671875,0.6259765625,0.70263671875
img_01400.png,0.44000000000000006,0.52,0.8,0.6,0.4,0.19189453125,0.4921875,0.69580078125,0.388671875,0.37744140625
img_01401.png,0.76,0.64,0.8800000000000001,0.72,0.6799999999999999,0.57373046875,0.63720703125,0.8857421875,0.70263671875,0.5390625
img_01402.png,0.9199999999999999,0.5599999999999999,1.0,0.8400000000000001,0.8800000000000001,0.8056640625,0.88232421875,0.92919921875,0.880859375,0.7744140625
img_01403.png,0.76,0.6799999999999999,0.8800000000000001,0.64,0.44000000000000006,0.43017578125,0.689453125,0.7578125,0.546875,0.615234375
img_01404.png,0.8,0.6,0.76,0.6799999999999999,0.6799999999999999,0.83984375,0.810546875,0.896484375,0.87744140625,0.71533203125
img_01405.png,0.64,0.76,0.44000000000000006,0.76,0.6799999999999999,0.69921875,0.5234375,0.3701171875,0.5888671875,0.615234375
img_01406.png,0.8800000000000001,0.64,0.8400000000000001,0.8,0.64,0.8857421875,0.7744140625,0.69921875,0.79296875,0.7490234375
img_01407.png,0.8,0.76,1.0,0.64,0.6799999999999999,0.662109375,0.72802734375,0.78515625,0.60009765625,0.59619140625
img_01408.png,0.44000000000000006,0.64,0.96,0.8,0.6799999999999999,0.385009765625,0.689453125,0.79833984375,0.65478515625,0.56591796875
img_01409.png,0.76,0.64,0.76,0.72,0.64,0.8759765625,0.83984375,0.85791015625,0.85009765625,0.708984375
img_01410.png,0.96,0.8,1.0,0.6,0.76,0.83740234375,0.78515625,0.8759765625,0.79296875,0.615234375
img_01411.png,0.64,0.6799999999999999,0.6799999999999999,0.6799999999999999,0.64,0.341552734375,0.5546875,0.70263671875,0.29736328125,0.48828125
img_01412.png,0.76,0.8,0.8,0.6799999999999999,0.6799999999999999,0.79296875,0.81298828125,0.77978515625,0.72509765625,0.6298828125
img_01413.png,0.8,0.6,0.6799999999999999,0.76,0.4,0.89501953125,0.82666015625,0.80322265625,0.845703125,0.66552734375
img_01414.png,0.8800000000000001,0.64,0.8,0.6,0.52,0.8671875,0.7607421875,0.8173828125,0.8310546875,0.65478515625
img_01415.png,0.64,0.72,0.9199999999999999,0.76,0.5599999999999999,0.48046875,0.6298828125,0.8974609375,0.5927734375,0.63720703125
img_01416.png,0.72,0.64,0.6,0.6799999999999999,0.52,0.39599609375,0.6298828125,0.69287109375,0.5234375,0.52734375
img_01417.png,0.8800000000000001,0.6,0.96,0.8,0.64,0.546875,0.740234375,0.6826171875,0.55810546875,0.6513671875
img_01418.png,0.8400000000000001,0.8,1.0,0.5599999999999999,0.76,0.76904296875,0.8173828125,0.88720703125,0.7578125,0.67236328125
img_01419.png,0.6799999999999999,0.6799999999999999,0.9199999999999999,0.72,0.4,0.82421875,0.8310546875,0.69287109375,0.7490234375,0.77978515625
img_01420.png,0.8400000000000001,0.64,0.96,0.76,0.6799999999999999,0.662109375,0.7607421875,0.900390625,0.708984375,0.55078125
img_01421.png,0.52,0.5599999999999999,0.64,0.52,0.6799999999999999,0.60009765625,0.6826171875,0.47265625,0.47265625,0.546875
img_01422.png,0.9199999999999999,0.6799999999999999,0.72,0.6,0.5599999999999999,0.80810546875,0.78271484375,0.61865234375,0.611328125,0.56591796875
img_01423.png,0.6799999999999999,0.64,0.9199999999999999,0.72,0.6799999999999999,0.880859375,0.80078125,0.865234375,0.845703125,0.64794921875
img_01424.png,0.8400000000000001,0.64,0.9199999999999999,0.76,0.8,0.84814453125,0.90576171875,0.89013671875,0.8740234375,0.7490234375
img_01425.png,0.8800000000000001,0.72,0.8400000000000001,0.72,0.76,0.8857421875,0.7744140625,0.69921875,0.79296875,0.7490234375
img_01426.png,0.8,0.8800000000000001,0.8400000000000001,0.76,0.72,0.85791015625,0.83544921875,0.880859375,0.8974609375,0.73095703125
img_01427.png,0.96,0.8800000000000001,1.0,0.72,0.8,0.880859375,0.84814453125,0.90185546875,0.865234375,0.689453125
img_01428.png,0.72,0.5599999999999999,0.72,0.8400000000000001,0.32,0.70263671875,0.68603515625,0.8173828125,0.73388671875,0.47265625
img_01429.png,0.72,0.76,0.6799999999999999,0.64,0.6,0.78271484375,0.80322265625,0.77734375,0.7607421875,0.5390625
img_01430.png,0.72,0.8,0.9199999999999999,0.6,0.72,0.392333984375,0.69287109375,0.81298828125,0.57373046875,0.689453125
img_01431.png,0.6799999999999999,0.64,0.52,0.64,0.8,0.6689453125,0.607421875,0.515625,0.58154296875,0.5078125
img_01432.png,0.72,0.64,0.8400000000000001,0.8,0.6799999999999999,0.7548828125,0.708984375,0.81982421875,0.73388671875,0.73388671875
img_01433.png,0.8,0.4,0.8800000000000001,0.8,0.52,0.6689453125,0.71875,0.751953125,0.7431640625,0.71533203125
img_01434.png,0.8,0.52,0.8800000000000001,0.72,0.64,0.338134765625,0.546875,0.81982421875,0.56982421875,0.56982421875
img_01435.png,0.8,0.8800000000000001,0.9199999999999999,0.6,0.64,0.67578125,0.751953125,0.78515625,0.61865234375,0.64404296875
img_01436.png,0.8,0.8,0.8800000000000001,0.76,0.5599999999999999,0.79296875,0.81298828125,0.77978515625,0.72509765625,0.6298828125
img_01437.png,0.64,0.52,0.72,0.44000000000000006,0.48,0.3486328125,0.58154296875,0.640625,0.287841796875,0.5078125
img_01438.png,0.8800000000000001,0.6,0.9199999999999999,0.8400000000000001,0.76,0.63720703125,0.763671875,0.87060546875,0.74609375,0.63330078125
img_01439.png,0.8,0.6799999999999999,0.8800000000000001,0.8400000000000001,0.6799999999999999,0.6298828125,0.60400390625,0.79833984375,0.69921875,0.5888671875
img_01440.png,0.64,0.64,0.64,0.64,0.72,0.36669921875,0.5888671875,0.708984375,0.5078125,0.65478515625
img_01441.png,0.6,0.64,0.8800000000000001,0.8400000000000001,0.6,0.7373046875,0.69580078125,0.78515625,0.67236328125,0.611328125
img_01442.png,0.8400000000000001,0.8,0.8400000000000001,0.72,0.6799999999999999,0.88232421875,0.888671875,0.87890625,0.8759765625,0.70263671875
img_01443.png,0.76,0.64,0.8400000000000001,0.64,0.6799999999999999,0.47265625,0.50390625,0.70263671875,0.5234375,0.51953125
img_01444.png,0.76,0.64,0.9199999999999999,0.6799999999999999,0.8400000000000001,0.87060546875,0.88720703125,0.896484375,0.87890625,0.67919921875
img_01445.png,0.6799999999999999,0.6799999999999999,0.8,0.76,0.64,0.84814453125,0.88720703125,0.84814453125,0.83740234375,0.67578125
img_01446.png,0.6799999999999999,0.72,0.72,0.6799999999999999,0.6,0.71875,0.78271484375,0.740234375,0.64794921875,0.55810546875
img_01447.png,0.8800000000000001,0.72,0.9199999999999999,0.8,0.8400000000000001,0.87060546875,0.8759765625,0.91943359375,0.90185546875,0.76611328125
img_01448.png,0.8400000000000001,0.6799999999999999,0.72,0.8,0.5599999999999999,0.7958984375,0.83984375,0.7880859375,0.79833984375,0.63720703125
img_01449.png,0.6799999999999999,0.48,0.8400000000000001,0.72,0.6799999999999999,0.45703125,0.45703125,0.76611328125,0.607421875,0.62255859375
img_01450.png,0.8400000000000001,0.6,0.9199999999999999,0.6799999999999999,0.76,0.7744140625,0.5546875,0.607421875,0.67578125,0.5390625
img_01451.png,0.8400000000000001,0.8400000000000001,0.96,0.8400000000000001,0.8,0.861328125,0.861328125,0.90478515625,0.88720703125,0.66552734375
img_01452.png,0.8400000000000001,0.8,0.96,0.6799999999999999,0.72,0.546875,0.74609375,0.83740234375,0.69580078125,0.607421875
img_01453.png,0.8800000000000001,0.72,0.9199999999999999,0.76,0.6,0.88720703125,0.8759765625,0.86865234375,0.87890625,0.7607421875
img_01454.png,0.6799999999999999,0.76,0.8,0.72,0.64,0.740234375,0.83349609375,0.861328125,0.7490234375,0.77978515625
img_01455.png,0.9199999999999999,0.6,0.8800000000000001,0.8800000000000001,0.8,0.91748046875,0.71875,0.85009765625,0.841796875,0.689453125
img_01456.png,0.6,0.64,0.5599999999999999,0.52,0.64,0.5,0.63330078125,0.60400390625,0.441650390625,0.5927734375
img_01457.png,0.72,0.8,0.64,0.64,0.5599999999999999,0.445556640625,0.71240234375,0.73095703125,0.373779296875,0.53515625
img_01458.png,0.76,0.72,0.9199999999999999,0.72,0.6,0.841796875,0.88232421875,0.8310546875,0.67919921875,0.70556640625
img_01459.png,0.64,0.72,0.96,0.8400000000000001,0.48,0.303955078125,0.54296875,0.8056640625,0.52734375,0.55078125
img_01460.png,0.36,0.5599999999999999,0.8800000000000001,0.52,0.52,0.25390625,0.50390625,0.83544921875,0.49609375,0.4111328125
img_01461.png,0.76,0.8400000000000001,0.96,0.8400000000000001,0.6799999999999999,0.841796875,0.8173828125,0.79052734375,0.7548828125,0.67919921875
img_01462.png,0.8,0.8400000000000001,0.72,0.6799999999999999,0.52,0.8173828125,0.71240234375,0.71875,0.77197265625,0.65478515625
img_01463.png,0.8,0.6799999999999999,0.6799999999999999,0.64,0.6799999999999999,0.6298828125,0.689453125,0.70263671875,0.53125,0.55810546875
img_01464.png,0.64,0.64,0.8400000000000001,0.8,0.8,0.77197265625,0.84814453125,0.896484375,0.8310546875,0.71533203125
img_01465.png,0.72,0.48,0.5599999999999999,0.72,0.6,0.6513671875,0.607421875,0.68603515625,0.49609375,0.5234375
img_01466.png,0.8800000000000001,0.72,0.5599999999999999,0.6799999999999999,0.5599999999999999,0.84375,0.640625,0.615234375,0.5888671875,0.441650390625
img_01467.png,0.64,0.8,0.8,0.6799999999999999,0.32,0.4609375,0.515625,0.607421875,0.418701171875,0.3701171875
img_01468.png,0.8,0.72,0.6799999999999999,0.76,0.8400000000000001,0.8974609375,0.8291015625,0.7548828125,0.763671875,0.64404296875
img_01469.png,0.6799999999999999,0.76,0.9199999999999999,0.72,0.5599999999999999,0.77197265625,0.85009765625,0.822265625,0.7216796875,0.689453125
img_01470.png,0.64,0.8400000000000001,0.8800000000000001,0.8,0.72,0.9111328125,0.8291015625,0.8974609375,0.91357421875,0.71875
img_01471.png,0.5599999999999999,0.76,0.72,0.6799999999999999,0.52,0.58154296875,0.45703125,0.32763671875,0.359375,0.4765625
img_01472.png,0.76,0.6799999999999999,0.8800000000000001,0.6799999999999999,0.72,0.7373046875,0.77734375,0.9208984375,0.80322265625,0.615234375
img_01473.png,0.8,0.48,0.8400000000000001,0.8,0.48,0.33447265625,0.32080078125,0.607421875,0.418701171875,0.414794921875
img_01474.png,0.76,0.8,1.0,0.76,0.8400000000000001,0.85595703125,0.87890625,0.90576171875,0.8916015625,0.68603515625
img_01475.png,0.48,0.5599999999999999,0.8,0.6,0.36,0.403564453125,0.5078125,0.55078125,0.6259765625,0.43408203125
img_01476.png,0.76,0.52,0.64,0.8,0.52,0.52734375,0.53125,0.57373046875,0.46484375,0.43408203125
img_01477.png,0.76,0.5599999999999999,0.9199999999999999,0.8,0.6,0.60009765625,0.62255859375,0.70556640625,0.56201171875,0.58154296875
img_01478.png,0.6799999999999999,0.6,0.72,0.5599999999999999,0.72,0.46484375,0.60400390625,0.640625,0.54296875,0.515625
img_01479.png,0.72,0.8,0.72,0.52,0.72,0.8857421875,0.8759765625,0.71875,0.83349609375,0.71240234375
img_01480.png,0.8400000000000001,0.72,0.72,0.72,0.8,0.7744140625,0.7880859375,0.66552734375,0.69287109375,0.69921875
img_01481.png,0.72,0.64,0.8400000000000001,0.72,0.6799999999999999,0.4609375,0.751953125,0.865234375,0.5849609375,0.662109375
img_01482.png,0.6799999999999999,0.64,0.8,0.6799999999999999,0.5599999999999999,0.373779296875,0.658203125,0.83349609375,0.5888671875,0.4609375
img_01483.png,0.8800000000000001,0.64,0.96,0.64,0.6799999999999999,0.89892578125,0.8671875,0.8671875,0.88232421875,0.7216796875
img_01484.png,0.76,0.64,0.72,0.8400000000000001,0.6,0.8740234375,0.640625,0.77197265625,0.7216796875,0.61865234375
img_01485.png,0.6799999999999999,0.64,0.96,0.76,0.76,0.8173828125,0.88232421875,0.92822265625,0.87060546875,0.708984375
img_01486.png,0.8800000000000001,0.72,0.9199999999999999,0.8800000000000001,0.8400000000000001,0.84375,0.83349609375,0.93896484375,0.89306640625,0.6826171875
img_01487.png,0.76,0.76,0.96,0.8,0.48,0.39599609375,0.78515625,0.76904296875,0.45703125,0.50390625
img_01488.png,0.6799999999999999,0.64,0.76,0.72,0.72,0.67919921875,0.73095703125,0.662109375,0.515625,0.71875
img_01489.png,0.8,0.6799999999999999,0.8800000000000001,0.72,0.6,0.900390625,0.80810546875,0.86328125,0.8671875,0.61865234375
img_01490.png,0.76,0.64,0.52,0.52,0.52,0.7373046875,0.59619140625,0.47265625,0.57763671875,0.58154296875
img_01491.png,0.9199999999999999,0.8,1.0,0.72,0.6799999999999999,0.87890625,0.861328125,0.9306640625,0.900390625,0.71875
img_01492.png,0.8400000000000001,0.6799999999999999,0.8,0.8,0.48,0.70556640625,0.76611328125,0.763671875,0.5849609375,0.658203125
img_01493.png,0.8400000000000001,0.8,0.9199999999999999,0.8400000000000001,0.8400000000000001,0.83544921875,0.90576171875,0.83349609375,0.85595703125,0.6826171875
img_01494.png,0.8400000000000001,0.6,0.96,0.8,0.5599999999999999,0.86865234375,0.662109375,0.71240234375,0.8056640625,0.65478515625
img_01495.png,0.8,0.6799999999999999,0.96,0.64,0.72,0.63720703125,0.865234375,0.80078125,0.58154296875,0.59619140625
img_01496.png,0.5599999999999999,0.8800000000000001,0.9199999999999999,0.5599999999999999,0.44000000000000006,0.27197265625,0.56201171875,0.900390625,0.611328125,0.43408203125
img_01497.png,0.72,0.52,0.64,0.8,0.6799999999999999,0.54296875,0.67578125,0.69580078125,0.48828125,0.63330078125
img_01498.png,0.8800000000000001,0.72,0.6,0.6,0.72,0.71240234375,0.7548828125,0.67919921875,0.53125,0.5546875
img_01499.png,0.8,0.6799999999999999,0.96,0.6799999999999999,0.8800000000000001,0.83740234375,0.76904296875,0.86328125,0.85986328125,0.5888671875
img_01500.png,0.8800000000000001,0.8,0.96,0.6,0.6,0.7216796875,0.86865234375,0.9150390625,0.7744140625,0.64794921875
img_01501.png,0.76,0.6799999999999999,0.6,0.6799999999999999,0.36,0.79052734375,0.51171875,0.6826171875,0.56201171875,0.5390625
img_01502.png,0.76,0.64,0.8400000000000001,0.72,0.52,0.453369140625,0.4921875,0.640625,0.615234375,0.5546875
img_01503.png,0.6799999999999999,0.5599999999999999,0.8800000000000001,0.6799999999999999,0.64,0.7431640625,0.5927734375,0.7373046875,0.71533203125,0.53515625
img_01504.png,0.72,0.36,0.8400000000000001,0.72,0.48,0.79296875,0.48828125,0.70556640625,0.74609375,0.67578125
img_01505.png,0.76,0.72,0.9199999999999999,0.8,0.76,0.9111328125,0.8291015625,0.8974609375,0.91357421875,0.71875
img_01506.png,0.76,0.52,0.72,0.6,0.5599999999999999,0.841796875,0.763671875,0.48046875,0.67578125,0.76904296875
img_01507.png,0.6799999999999999,0.6799999999999999,0.8400000000000001,0.52,0.52,0.26904296875,0.57763671875,0.87060546875,0.42626953125,0.48828125
img_01508.png,0.6799999999999999,0.52,0.8800000000000001,0.6799999999999999,0.6,0.32763671875,0.50390625,0.8759765625,0.611328125,0.55078125
img_01509.png,0.64,0.44000000000000006,0.8800000000000001,0.72,0.5599999999999999,0.60009765625,0.62255859375,0.70556640625,0.56201171875,0.58154296875
img_01510.png,0.8800000000000001,0.72,0.96,0.8400000000000001,0.6799999999999999,0.92529296875,0.76611328125,0.896484375,0.8740234375,0.67578125
img_01511.png,0.6,0.76,0.8800000000000001,0.76,0.52,0.43408203125,0.59619140625,0.5927734375,0.437744140625,0.57763671875
img_01512.png,0.8400000000000001,0.48,0.96,0.8,0.64,0.89892578125,0.7958984375,0.916015625,0.880859375,0.611328125
img_01513.png,0.6799999999999999,0.6,0.8400000000000001,0.76,0.76,0.385009765625,0.689453125,0.79833984375,0.65478515625,0.56591796875
img_01514.png,0.8800000000000001,0.52,1.0,0.8,0.48,0.89501953125,0.763671875,0.865234375,0.751953125,0.662109375
img_01515.png,0.8400000000000001,0.64,0.8,0.64,0.36,0.82421875,0.79052734375,0.79296875,0.8154296875,0.52734375
img_01516.png,0.72,0.72,0.8800000000000001,0.76,0.4,0.73095703125,0.5078125,0.7216796875,0.65478515625,0.64794921875
img_01517.png,0.64,0.6,0.76,0.6,0.5599999999999999,0.45703125,0.57373046875,0.62255859375,0.515625,0.54296875
img_01518.png,0.8,0.64,0.9199999999999999,0.76,0.6,0.8671875,0.7578125,0.81298828125,0.79296875,0.611328125
img_01519.png,0.64,0.44000000000000006,0.96,0.76,0.6799999999999999,0.338134765625,0.55810546875,0.8056640625,0.60009765625,0.441650390625
img_01520.png,0.64,0.6799999999999999,0.8,0.52,0.5599999999999999,0.841796875,0.7490234375,0.78271484375,0.78515625,0.63330078125
img_01521.png,0.72,0.6,0.6,0.76,0.64,0.72509765625,0.615234375,0.63720703125,0.64794921875,0.515625
img_01522.png,0.52,0.6799999999999999,0.76,0.5599999999999999,0.64,0.607421875,0.68603515625,0.7548828125,0.69287109375,0.67578125
img_01523.png,0.72,0.6799999999999999,0.8400000000000001,0.8,0.72,0.5234375,0.67578125,0.80810546875,0.57763671875,0.5849609375
img_01524.png,0.8800000000000001,0.6799999999999999,0.96,0.6,0.8,0.70263671875,0.7880859375,0.79052734375,0.68603515625,0.5927734375
img_01525.png,0.6799999999999999,0.6,0.76,0.76,0.5599999999999999,0.740234375,0.65478515625,0.71533203125,0.69921875,0.55810546875
img_01526.png,0.6799999999999999,0.6,0.8400000000000001,0.8,0.6,0.33447265625,0.32080078125,0.607421875,0.418701171875,0.414794921875
img_01527.png,0.8,0.64,0.76,0.64,0.64,0.86865234375,0.77197265625,0.72509765625,0.78515625,0.71240234375
img_01528.png,0.9199999999999999,0.64,0.8800000000000001,0.9199999999999999,0.52,0.8291015625,0.83984375,0.900390625,0.8671875,0.61865234375
img_01529.png,1.0,0.6799999999999999,0.9199999999999999,0.72,0.8400000000000001,0.84814453125,0.84814453125,0.85986328125,0.865234375,0.607421875
img_01530.png,0.76,0.5599999999999999,0.9199999999999999,0.64,0.72,0.78271484375,0.83544921875,0.78271484375,0.7431640625,0.46875
img_01531.png,0.6,0.72,0.96,0.76,0.72,0.607421875,0.546875,0.87744140625,0.662109375,0.51171875
img_01532.png,0.8800000000000001,0.72,0.9199999999999999,0.6799999999999999,0.8,0.86865234375,0.87060546875,0.8759765625,0.83349609375,0.7373046875
img_01533.png,0.9199999999999999,0.6799999999999999,0.72,0.8,0.6799999999999999,0.87060546875,0.76611328125,0.76611328125,0.8173828125,0.658203125
img_01534.png,0.9199999999999999,0.76,0.96,0.8400000000000001,0.64,0.7880859375,0.8671875,0.85595703125,0.8291015625,0.7490234375
img_01535.png,0.76,0.76,0.8800000000000001,0.76,0.6799999999999999,0.7880859375,0.662109375,0.7431640625,0.67919921875,0.55078125
img_01536.png,0.6799999999999999,0.5599999999999999,0.8400000000000001,0.64,0.5599999999999999,0.67578125,0.55078125,0.80810546875,0.615234375,0.5849609375
img_01537.png,0.48,0.6,0.72,0.8800000000000001,0.6,0.58154296875,0.437744140625,0.658203125,0.53515625,0.56982421875
img_01538.png,0.8800000000000001,0.64,0.8400000000000001,0.72,0.5599999999999999,0.43017578125,0.689453125,0.7578125,0.546875,0.615234375
img_01539.png,0.6799999999999999,0.8400000000000001,0.9199999999999999,0.72,0.64,0.822265625,0.86328125,0.9150390625,0.8291015625,0.7548828125
img_01540.png,0.5599999999999999,0.6,0.8,0.72,0.64,0.352294921875,0.58154296875,0.77197265625,0.359375,0.437744140625
img_01541.png,0.8400000000000001,0.72,0.6799999999999999,0.76,0.6,0.865234375,0.83544921875,0.8173828125,0.84814453125,0.662109375
img_01542.png,0.8,0.48,0.9199999999999999,0.64,0.76,0.85595703125,0.810546875,0.73095703125,0.78271484375,0.6298828125
img_01543.png,0.8,0.64,0.8800000000000001,0.8400000000000001,0.6799999999999999,0.69287109375,0.56201171875,0.751953125,0.7431640625,0.53515625
img_01544.png,0.72,0.6799999999999999,0.8400000000000001,0.6799999999999999,0.64,0.87060546875,0.80078125,0.86865234375,0.82666015625,0.662109375
img_01545.png,0.96,0.6799999999999999,0.8800000000000001,0.76,0.76,0.88720703125,0.8154296875,0.76904296875,0.83349609375,0.708984375
img_01546.png,0.96,0.6799999999999999,1.0,0.9199999999999999,0.52,0.8916015625,0.81982421875,0.89306640625,0.880859375,0.6298828125
img_01547.png,0.64,0.52,0.64,0.76,0.6799999999999999,0.76904296875,0.8154296875,0.5234375,0.65478515625,0.69921875
img_01548.png,0.8,0.6,1.0,0.6,0.64,0.43408203125,0.69287109375,0.76611328125,0.48046875,0.50390625
img_01549.png,0.8400000000000001,0.76,0.8,0.6,0.5599999999999999,0.68603515625,0.615234375,0.69580078125,0.689453125,0.5927734375
img_01550.png,0.8400000000000001,0.8400000000000001,1.0,0.8400000000000001,0.8,0.83349609375,0.90185546875,0.9111328125,0.89013671875,0.689453125
img_01551.png,0.76,0.8,0.8800000000000001,0.76,0.5599999999999999,0.880859375,0.861328125,0.9111328125,0.89013671875,0.80810546875
img_01552.png,0.6,0.52,0.8800000000000001,0.6799999999999999,0.52,0.25390625,0.515625,0.751953125,0.449462890625,0.42626953125
img_01553.png,0.8800000000000001,0.6799999999999999,0.8400000000000001,0.8,0.6799999999999999,0.70263671875,0.78271484375,0.8310546875,0.658203125,0.56982421875
img_01554.png,0.8800000000000001,0.8,0.8,0.6799999999999999,0.8400000000000001,0.56982421875,0.7490234375,0.71533203125,0.60400390625,0.5888671875
img_01555.png,0.9199999999999999,0.6799999999999999,0.8800000000000001,0.8400000000000001,0.52,0.7373046875,0.43408203125,0.689453125,0.63330078125,0.5390625
img_01556.png,0.8800000000000001,0.6,0.76,0.5599999999999999,0.52,0.861328125,0.85009765625,0.79052734375,0.81982421875,0.63720703125
img_01557.png,0.64,0.76,0.6799999999999999,0.64,0.48,0.69921875,0.7607421875,0.6513671875,0.5390625,0.4921875
img_01558.png,0.44000000000000006,0.6,0.8800000000000001,0.5599999999999999,0.6799999999999999,0.294189453125,0.55810546875,0.78271484375,0.441650390625,0.47265625
img_01559.png,0.72,0.72,0.5599999999999999,0.6,0.6799999999999999,0.45703125,0.67919921875,0.751953125,0.5234375,0.56982421875
img_01560.png,0.96,0.72,0.64,0.72,0.52,0.841796875,0.8671875,0.7216796875,0.751953125,0.763671875
img_01561.png,0.76,0.8,0.9199999999999999,0.72,0.8,0.81298828125,0.83740234375,0.91748046875,0.8173828125,0.689453125
img_01562.png,0.76,0.76,0.8400000000000001,0.8400000000000001,0.6,0.7373046875,0.69921875,0.62255859375,0.615234375,0.7578125
img_01563.png,0.6799999999999999,0.5599999999999999,1.0,0.76,0.64,0.445556640625,0.484375,0.7578125,0.51171875,0.54296875
img_01564.png,0.64,0.72,1.0,0.8,0.8,0.39990234375,0.73388671875,0.85595703125,0.5849609375,0.46875
img_01565.png,0.72,0.6,0.96,0.9199999999999999,0.76,0.841796875,0.76904296875,0.8974609375,0.9111328125,0.6689453125
img_01566.png,0.64,0.72,0.64,0.72,0.5599999999999999,0.658203125,0.7744140625,0.80810546875,0.56982421875,0.6826171875
img_01567.png,0.6,0.72,0.6799999999999999,0.52,0.52,0.607421875,0.68603515625,0.7548828125,0.69287109375,0.67578125
img_01568.png,0.8800000000000001,0.76,0.8,0.64,0.48,0.763671875,0.8173828125,0.7880859375,0.74609375,0.67578125
img_01569.png,0.76,0.6799999999999999,0.8400000000000001,0.6799999999999999,0.6799999999999999,0.67919921875,0.83349609375,0.86328125,0.740234375,0.69580078125
img_01570.png,0.76,0.36,0.9199999999999999,0.72,0.5599999999999999,0.33447265625,0.32080078125,0.607421875,0.418701171875,0.414794921875
img_01571.png,0.76,0.6799999999999999,0.9199999999999999,0.8,0.8400000000000001,0.71533203125,0.84814453125,0.90966796875,0.8671875,0.6689453125
img_01572.png,0.8,0.76,0.9199999999999999,0.6799999999999999,0.64,0.7607421875,0.82421875,0.92822265625,0.81982421875,0.74609375
img_01573.png,0.76,0.64,0.96,0.9199999999999999,0.6,0.85595703125,0.62255859375,0.88427734375,0.74609375,0.57373046875
img_01574.png,0.6,0.6,0.8800000000000001,0.8800000000000001,0.72,0.91357421875,0.87255859375,0.865234375,0.86328125,0.49609375
img_01575.png,0.72,0.72,0.8400000000000001,0.72,0.6799999999999999,0.72509765625,0.86328125,0.85595703125,0.6689453125,0.689453125
img_01576.png,0.6,0.76,0.72,0.64,0.6,0.6259765625,0.66552734375,0.7373046875,0.51171875,0.55078125
img_01577.png,0.72,0.52,0.72,0.72,0.52,0.5927734375,0.4609375,0.658203125,0.61865234375,0.65478515625
img_01578.png,0.8,0.8400000000000001,0.8800000000000001,0.5599999999999999,0.64,0.83984375,0.89306640625,0.86865234375,0.83349609375,0.63720703125
img_01579.png,0.76,0.8800000000000001,0.9199999999999999,0.6,0.76,0.85205078125,0.88720703125,0.8974609375,0.87744140625,0.7431640625
img_01580.png,0.72,0.8,0.8,0.72,0.8400000000000001,0.85986328125,0.8759765625,0.900390625,0.84814453125,0.67578125
img_01581.png,0.72,0.8400000000000001,0.8800000000000001,0.76,0.72,0.70263671875,0.83984375,0.900390625,0.763671875,0.66552734375
img_01582.png,0.8800000000000001,0.6799999999999999,0.64,0.8,0.6,0.8173828125,0.67919921875,0.59619140625,0.48828125,0.53125
img_01583.png,0.8,0.6799999999999999,0.72,0.52,0.8,0.4609375,0.51953125,0.689453125,0.359375,0.4921875
img_01584.png,0.8800000000000001,0.6799999999999999,0.8400000000000001,0.76,0.6,0.89892578125,0.88232421875,0.92431640625,0.9033203125,0.7373046875
img_01585.png,0.72,0.8,0.8400000000000001,0.76,0.64,0.56201171875,0.7548828125,0.74609375,0.53515625,0.449462890625
img_01586.png,0.8,0.6799999999999999,0.76,0.8,0.44000000000000006,0.900390625,0.85791015625,0.896484375,0.87060546875,0.71533203125
img_01587.png,0.9199999999999999,0.6799999999999999,0.8,0.8,0.52,0.69921875,0.7548828125,0.63330078125,0.58154296875,0.63720703125
img_01588.png,0.8400000000000001,0.6799999999999999,0.9199999999999999,0.6799999999999999,0.76,0.8759765625,0.865234375,0.916015625,0.84814453125,0.7548828125
img_01589.png,0.72,0.44000000000000006,0.96,0.72,0.64,0.392333984375,0.71240234375,0.8974609375,0.65478515625,0.56591796875
img_01590.png,0.8,0.76,1.0,0.76,0.52,0.8056640625,0.740234375,0.9150390625,0.80810546875,0.79052734375
img_01591.png,0.8800000000000001,0.6799999999999999,0.6799999999999999,0.5599999999999999,0.36,0.49609375,0.48828125,0.67919921875,0.46875,0.5546875
img_01592.png,0.96,0.76,0.9199999999999999,0.6799999999999999,0.6,0.80810546875,0.88427734375,0.79296875,0.70263671875,0.61865234375
img_01593.png,0.8,0.8400000000000001,0.9199999999999999,0.72,0.72,0.86865234375,0.8671875,0.85986328125,0.84814453125,0.662109375
img_01594.png,0.8400000000000001,0.6,0.96,0.64,0.6,0.6298828125,0.60400390625,0.79833984375,0.69921875,0.5888671875
img_01595.png,0.6799999999999999,0.72,0.8,0.64,0.72,0.67578125,0.708984375,0.6259765625,0.57373046875,0.6826171875
img_01596.png,0.8,0.6799999999999999,0.8800000000000001,0.72,0.6799999999999999,0.84375,0.84375,0.87744140625,0.865234375,0.72509765625
img_01597.png,0.8800000000000001,0.6,0.6,0.6799999999999999,0.52,0.73095703125,0.79296875,0.67919921875,0.63720703125,0.5
img_01598.png,0.6799999999999999,0.64,0.76,0.76,0.64,0.611328125,0.53515625,0.57373046875,0.640625,0.55810546875
img_01599.png,0.44000000000000006,0.64,0.96,0.64,0.4,0.262939453125,0.48046875,0.7958984375,0.39599609375,0.4111328125
img_01600.png,0.6799999999999999,0.8,1.0,0.76,0.8400000000000001,0.90185546875,0.7373046875,0.92529296875,0.916015625,0.71875
img_01601.png,0.8,0.8,0.96,0.8,0.8,0.83740234375,0.86865234375,0.86865234375,0.8310546875,0.7490234375
img_01602.png,0.64,0.6799999999999999,0.64,0.6,0.64,0.6513671875,0.5390625,0.62255859375,0.53125,0.50390625
img_01603.png,0.76,0.6,0.72,0.8,0.6799999999999999,0.611328125,0.69287109375,0.7880859375,0.60400390625,0.5927734375
img_01604.png,0.8400000000000001,0.52,0.72,0.8,0.5599999999999999,0.36669921875,0.6259765625,0.845703125,0.47265625,0.55810546875
img_01605.png,0.72,0.64,0.8400000000000001,0.8,0.5599999999999999,0.65478515625,0.414794921875,0.79296875,0.6826171875,0.62255859375
img_01606.png,0.6799999999999999,0.76,0.64,0.44000000000000006,0.44000000000000006,0.4765625,0.5390625,0.70556640625,0.449462890625,0.36669921875
img_01607.png,0.8800000000000001,0.64,0.9199999999999999,0.8,0.76,0.85009765625,0.90478515625,0.86865234375,0.87255859375,0.662109375
img_01608.png,0.72,0.6799999999999999,0.5599999999999999,0.64,0.72,0.422607421875,0.5927734375,0.546875,0.307373046875,0.51953125
img_01609.png,0.76,0.72,0.96,0.8800000000000001,0.5599999999999999,0.73388671875,0.80810546875,0.7958984375,0.6826171875,0.615234375
img_01610.png,0.76,0.72,0.64,0.76,0.6,0.56591796875,0.76611328125,0.69580078125,0.445556640625,0.51171875
img_01611.png,0.72,0.8400000000000001,1.0,0.9199999999999999,0.76,0.845703125,0.7431640625,0.90869140625,0.865234375,0.70556640625
img_01612.png,0.76,0.64,0.8,0.76,0.6799999999999999,0.69921875,0.67236328125,0.83984375,0.615234375,0.5888671875
img_01613.png,0.8400000000000001,0.72,1.0,0.9199999999999999,0.72,0.7490234375,0.81982421875,0.900390625,0.763671875,0.72509765625
img_01614.png,0.6,0.6799999999999999,0.8800000000000001,0.6,0.5599999999999999,0.43017578125,0.67578125,0.8056640625,0.60400390625,0.53125
img_01615.png,0.52,0.8400000000000001,0.9199999999999999,0.76,0.8400000000000001,0.708984375,0.740234375,0.90869140625,0.77978515625,0.68603515625
img_01616.png,0.8800000000000001,0.6799999999999999,0.96,0.8,0.64,0.880859375,0.85791015625,0.888671875,0.8291015625,0.607421875
img_01617.png,0.72,0.72,0.96,0.72,0.76,0.59619140625,0.689453125,0.56201171875,0.56201171875,0.54296875
img_01618.png,0.8,0.6,0.96,0.6799999999999999,0.44000000000000006,0.896484375,0.87744140625,0.87060546875,0.87890625,0.66552734375
img_01619.png,0.8400000000000001,0.72,0.6799999999999999,0.72,0.27999999999999997,0.7216796875,0.46484375,0.5546875,0.48046875,0.43408203125
img_01620.png,0.8400000000000001,0.8400000000000001,0.8,0.76,0.8,0.546875,0.74609375,0.83740234375,0.69580078125,0.607421875
img_01621.png,0.96,0.76,0.76,0.6,0.5599999999999999,0.72509765625,0.8056640625,0.80810546875,0.7373046875,0.5927734375
img_01622.png,0.6799999999999999,0.8800000000000001,0.4,0.76,0.6799999999999999,0.65478515625,0.611328125,0.352294921875,0.48046875,0.7431640625
img_01623.png,0.72,0.6799999999999999,0.8800000000000001,0.6,0.72,0.87060546875,0.83544921875,0.85205078125,0.8173828125,0.751953125
img_01624.png,0.8800000000000001,0.72,0.8800000000000001,0.8,0.6799999999999999,0.90576171875,0.83544921875,0.83349609375,0.822265625,0.546875
img_01625.png,0.8800000000000001,0.8800000000000001,0.9199999999999999,0.8,0.6,0.845703125,0.79833984375,0.79833984375,0.83740234375,0.58154296875
img_01626.png,0.8800000000000001,0.8,0.8800000000000001,0.76,0.6799999999999999,0.7744140625,0.708984375,0.84375,0.71875,0.640625
img_01627.png,0.72,0.76,0.8,0.8,0.44000000000000006,0.86328125,0.87060546875,0.6259765625,0.763671875,0.67919921875
img_01628.png,0.76,0.76,0.8,0.76,0.5599999999999999,0.64404296875,0.7578125,0.7216796875,0.48828125,0.6259765625
img_01629.png,0.72,0.6799999999999999,0.8400000000000001,0.76,0.8,0.76611328125,0.80078125,0.74609375,0.80078125,0.63330078125
img_01630.png,0.76,0.52,0.9199999999999999,0.76,0.52,0.7958984375,0.55078125,0.546875,0.71875,0.4921875
img_01631.png,0.8800000000000001,0.8800000000000001,0.9199999999999999,0.64,0.6,0.7607421875,0.80322265625,0.88720703125,0.7373046875,0.71240234375
img_01632.png,0.72,0.76,0.8,0.6799999999999999,0.6799999999999999,0.80322265625,0.72509765625,0.81982421875,0.79052734375,0.71240234375
img_01633.png,0.64,0.48,0.64,0.76,0.6,0.385009765625,0.55810546875,0.5927734375,0.484375,0.546875
img_01634.png,0.72,0.64,0.8800000000000001,0.6,0.72,0.414794921875,0.67236328125,0.87744140625,0.53515625,0.6689453125
img_01635.png,0.64,0.48,0.9199999999999999,0.76,0.52,0.42626953125,0.388671875,0.7490234375,0.46484375,0.5546875
img_01636.png,0.9199999999999999,0.8400000000000001,0.8800000000000001,0.8400000000000001,0.5599999999999999,0.88720703125,0.8759765625,0.86865234375,0.87890625,0.7607421875
img_01637.png,0.8800000000000001,0.72,0.9199999999999999,0.76,0.72,0.85986328125,0.8759765625,0.900390625,0.84814453125,0.67578125
img_01638.png,0.5599999999999999,0.52,0.8,0.8400000000000001,0.4,0.23095703125,0.5078125,0.87255859375,0.48046875,0.441650390625
img_01639.png,0.8800000000000001,0.8,0.8800000000000001,0.64,0.72,0.66552734375,0.7578125,0.689453125,0.45703125,0.64794921875
img_01640.png,0.8400000000000001,0.6,0.4,0.8,0.64,0.85791015625,0.61865234375,0.52734375,0.68603515625,0.6298828125
img_01641.png,0.8,0.8800000000000001,0.96,0.9199999999999999,0.8800000000000001,0.8740234375,0.83984375,0.89306640625,0.916015625,0.71240234375
img_01642.png,0.8,0.6,0.72,0.6799999999999999,0.6,0.708984375,0.6513671875,0.65478515625,0.615234375,0.611328125
img_01643.png,1.0,0.76,0.9199999999999999,0.8,0.72,0.763671875,0.71240234375,0.658203125,0.708984375,0.71240234375
img_01644.png,0.76,0.72,0.72,0.72,0.64,0.294189453125,0.5888671875,0.78515625,0.449462890625,0.43408203125
img_01645.png,0.72,0.72,0.9199999999999999,0.64,0.64,0.69921875,0.55810546875,0.65478515625,0.61865234375,0.6513671875
img_01646.png,0.72,0.8,0.6799999999999999,0.76,0.36,0.82666015625,0.76904296875,0.6689453125,0.740234375,0.64404296875
img_01647.png,0.8800000000000001,0.76,0.96,0.6799999999999999,0.6,0.861328125,0.82421875,0.93359375,0.87744140625,0.7880859375
img_01648.png,0.5599999999999999,0.6,0.96,0.6799999999999999,0.5599999999999999,0.33447265625,0.52734375,0.74609375,0.4765625,0.49609375
img_01649.png,0.6799999999999999,0.64,0.8400000000000001,0.8,0.6,0.921875,0.708984375,0.85595703125,0.7490234375,0.449462890625
img_01650.png,0.76,0.6,0.9199999999999999,0.5599999999999999,0.64,0.5849609375,0.79296875,0.822265625,0.66552734375,0.5
img_01651.png,0.76,0.8400000000000001,0.8800000000000001,0.76,0.6799999999999999,0.84814453125,0.8671875,0.861328125,0.85009765625,0.73388671875
img_01652.png,0.8,0.6799999999999999,0.8400000000000001,0.64,0.6799999999999999,0.77734375,0.845703125,0.86865234375,0.71533203125,0.740234375
img_01653.png,0.72,0.6,0.8800000000000001,0.6,0.6799999999999999,0.611328125,0.69287109375,0.7880859375,0.60400390625,0.5927734375
img_01654.png,0.8,0.6,0.96,0.76,0.6,0.83544921875,0.7431640625,0.79296875,0.7880859375,0.546875
img_01655.png,0.8400000000000001,0.8,0.8800000000000001,0.8400000000000001,0.8,0.86865234375,0.861328125,0.845703125,0.810546875,0.64794921875
img_01656.png,0.76,0.76,0.8400000000000001,0.6799999999999999,0.76,0.7490234375,0.74609375,0.76904296875,0.69580078125,0.63720703125
img_01657.png,0.8400000000000001,0.6,0.5599999999999999,0.8400000000000001,0.72,0.841796875,0.763671875,0.48046875,0.67578125,0.76904296875
img_01658.png,0.76,0.64,0.72,0.6799999999999999,0.52,0.87255859375,0.8310546875,0.65478515625,0.67919921875,0.61865234375
img_01659.png,0.96,0.8800000000000001,0.96,0.72,0.72,0.85400390625,0.86865234375,0.82666015625,0.865234375,0.71240234375
img_01660.png,0.6799999999999999,0.64,0.96,0.64,0.6,0.54296875,0.7607421875,0.61865234375,0.34521484375,0.62255859375
img_01661.png,0.8400000000000001,0.72,0.8,0.72,0.44000000000000006,0.87890625,0.57373046875,0.77978515625,0.84375,0.76611328125
img_01662.png,0.72,0.64,1.0,0.6799999999999999,0.72,0.46875,0.73388671875,0.9150390625,0.69921875,0.662109375
img_01663.png,0.9199999999999999,0.64,0.9199999999999999,0.8,0.64,0.87255859375,0.90478515625,0.85009765625,0.89306640625,0.689453125
img_01664.png,0.8800000000000001,0.72,0.8800000000000001,0.6,0.6,0.73388671875,0.64794921875,0.8154296875,0.69287109375,0.62255859375
img_01665.png,0.5599999999999999,0.5599999999999999,0.8400000000000001,0.6799999999999999,0.72,0.453369140625,0.6689453125,0.8173828125,0.54296875,0.53125
img_01666.png,0.8400000000000001,0.8400000000000001,1.0,0.76,0.8,0.78271484375,0.7958984375,0.8759765625,0.78271484375,0.640625
img_01667.png,0.9199999999999999,0.6799999999999999,1.0,0.8400000000000001,0.8400000000000001,0.82421875,0.86865234375,0.9033203125,0.86328125,0.5888671875
img_01668.png,0.8,0.8,0.96,0.64,0.76,0.5888671875,0.78515625,0.91259765625,0.7744140625,0.7373046875
img_01669.png,0.9199999999999999,0.64,0.72,0.64,0.6,0.82666015625,0.76904296875,0.6689453125,0.740234375,0.64404296875
img_01670.png,0.8,0.76,1.0,0.72,0.8400000000000001,0.7431640625,0.83544921875,0.880859375,0.79296875,0.77978515625
img_01671.png,0.6799999999999999,0.8,0.9199999999999999,0.76,0.72,0.65478515625,0.414794921875,0.79296875,0.6826171875,0.62255859375
img_01672.png,0.76,0.8400000000000001,0.96,0.6799999999999999,0.64,0.88720703125,0.85986328125,0.90869140625,0.861328125,0.77197265625
img_01673.png,0.72,0.72,0.6,0.5599999999999999,0.64,0.67578125,0.56982421875,0.607421875,0.56982421875,0.60400390625
img_01674.png,0.76,0.72,0.64,0.72,0.64,0.83984375,0.72802734375,0.67236328125,0.69287109375,0.67236328125
img_01675.png,0.8,0.72,0.8,0.76,0.6,0.81298828125,0.83740234375,0.880859375,0.8173828125,0.60009765625
img_01676.png,0.72,0.64,0.76,0.76,0.6,0.418701171875,0.445556640625,0.7744140625,0.46484375,0.37744140625
img_01677.png,0.8800000000000001,0.76,0.8400000000000001,0.8,0.64,0.74609375,0.68603515625,0.7490234375,0.689453125,0.5849609375
img_01678.png,0.8400000000000001,0.6799999999999999,0.8400000000000001,0.8,0.76,0.921875,0.83740234375,0.87255859375,0.90966796875,0.5888671875
img_01679.png,0.8800000000000001,0.64,0.9199999999999999,0.8,0.6799999999999999,0.85791015625,0.80810546875,0.8916015625,0.841796875,0.689453125
img_01680.png,0.4,0.76,0.8800000000000001,0.72,0.6,0.25390625,0.437744140625,0.85009765625,0.55810546875,0.3701171875
img_01681.png,0.72,0.6,0.8800000000000001,0.6,0.6,0.57763671875,0.82666015625,0.861328125,0.6298828125,0.607421875
img_01682.png,0.76,0.72,0.8400000000000001,0.5599999999999999,0.52,0.83544921875,0.7431640625,0.79296875,0.7880859375,0.546875
img_01683.png,0.8400000000000001,0.8400000000000001,0.8,0.8,0.52,0.8291015625,0.88232421875,0.87890625,0.861328125,0.689453125
img_01684.png,0.64,0.8,0.72,0.8,0.72,0.422607421875,0.5888671875,0.6513671875,0.56982421875,0.5546875
img_01685.png,0.64,0.6799999999999999,0.9199999999999999,0.72,0.6799999999999999,0.418701171875,0.445556640625,0.7744140625,0.46484375,0.37744140625
img_01686.png,0.8,0.48,0.8400000000000001,0.6799999999999999,0.44000000000000006,0.8154296875,0.62255859375,0.6689453125,0.72509765625,0.5
img_01687.png,0.8,0.6,0.64,0.76,0.44000000000000006,0.8173828125,0.8310546875,0.6259765625,0.62255859375,0.56591796875
img_01688.png,0.8400000000000001,0.8400000000000001,0.8800000000000001,0.64,0.64,0.84814453125,0.845703125,0.87060546875,0.8056640625,0.63330078125
img_01689.png,0.72,0.72,0.8,0.72,0.5599999999999999,0.7744140625,0.7880859375,0.66552734375,0.69287109375,0.69921875
img_01690.png,0.76,0.44000000000000006,0.9199999999999999,0.64,0.52,0.79296875,0.48828125,0.70556640625,0.74609375,0.67578125
img_01691.png,0.8800000000000001,0.6799999999999999,0.9199999999999999,0.72,0.6,0.8857421875,0.8916015625,0.8974609375,0.85595703125,0.689453125
img_01692.png,0.8,0.52,0.76,0.8400000000000001,0.48,0.708984375,0.79296875,0.751953125,0.689453125,0.640625
img_01693.png,0.72,0.6,1.0,0.8,0.8,0.84814453125,0.85791015625,0.9111328125,0.84814453125,0.708984375
img_01694.png,0.9199999999999999,0.8,0.8800000000000001,0.76,0.72,0.845703125,0.8056640625,0.822265625,0.845703125,0.77978515625
img_01695.png,0.44000000000000006,0.72,0.8800000000000001,0.8400000000000001,0.64,0.2568359375,0.53515625,0.865234375,0.57373046875,0.414794921875
img_01696.png,0.72,0.48,0.72,0.64,0.5599999999999999,0.7880859375,0.55810546875,0.53125,0.69921875,0.58154296875
img_01697.png,0.96,0.64,0.8800000000000001,0.64,0.44000000000000006,0.89013671875,0.79296875,0.83740234375,0.77978515625,0.611328125
img_01698.png,0.72,0.48,0.8800000000000001,0.6799999999999999,0.76,0.515625,0.80810546875,0.83984375,0.72802734375,0.658203125
img_01699.png,0.9199999999999999,0.8800000000000001,0.96,0.9199999999999999,0.72,0.79296875,0.8916015625,0.8857421875,0.85400390625,0.65478515625
img_01700.png,0.76,0.8800000000000001,1.0,0.76,0.6,0.8759765625,0.90869140625,0.8740234375,0.85400390625,0.7490234375
img_01701.png,0.9199999999999999,0.6799999999999999,0.96,0.6,0.8400000000000001,0.81298828125,0.79833984375,0.77978515625,0.7880859375,0.59619140625
img_01702.png,0.8400000000000001,0.6799999999999999,0.9199999999999999,0.8,0.76,0.422607421875,0.7548828125,0.92431640625,0.6826171875,0.63720703125
img_01703.png,0.8,0.5599999999999999,0.64,0.6799999999999999,0.4,0.54296875,0.441650390625,0.546875,0.4921875,0.515625
img_01704.png,0.72,0.72,0.8800000000000001,0.6799999999999999,0.52,0.658203125,0.689453125,0.83544921875,0.6826171875,0.65478515625
img_01705.png,0.5599999999999999,0.64,0.8400000000000001,0.8400000000000001,0.44000000000000006,0.658203125,0.689453125,0.83544921875,0.6826171875,0.65478515625
img_01706.png,0.72,0.64,0.76,0.64,0.64,0.640625,0.56982421875,0.445556640625,0.60400390625,0.54296875
img_01707.png,0.5599999999999999,0.72,0.8400000000000001,0.8,0.5599999999999999,0.262939453125,0.63720703125,0.76904296875,0.445556640625,0.4921875
img_01708.png,0.6799999999999999,0.5599999999999999,0.8,0.48,0.72,0.352294921875,0.615234375,0.70263671875,0.39599609375,0.48828125
img_01709.png,0.72,0.76,0.8800000000000001,0.8,0.48,0.71533203125,0.708984375,0.79833984375,0.6689453125,0.607421875
img_01710.png,0.8400000000000001,0.52,0.96,0.6799999999999999,0.5599999999999999,0.83349609375,0.5078125,0.822265625,0.77197265625,0.65478515625
img_01711.png,0.8,0.76,0.6799999999999999,0.64,0.6,0.69921875,0.7548828125,0.63330078125,0.58154296875,0.63720703125
img_01712.png,0.8,0.72,0.9199999999999999,0.8400000000000001,0.72,0.880859375,0.85205078125,0.86328125,0.87890625,0.6689453125
img_01713.png,0.8,0.6799999999999999,0.52,0.64,0.44000000000000006,0.63330078125,0.50390625,0.414794921875,0.69287109375,0.56982421875
img_01714.png,0.9199999999999999,0.72,0.8800000000000001,0.72,0.8400000000000001,0.85595703125,0.89013671875,0.822265625,0.845703125,0.6259765625
img_01715.png,0.8400000000000001,0.8400000000000001,0.9199999999999999,0.8,0.6799999999999999,0.85400390625,0.85205078125,0.9208984375,0.90966796875,0.662109375
img_01716.png,0.8800000000000001,0.72,0.6799999999999999,0.6,0.36,0.4765625,0.64794921875,0.71875,0.46875,0.441650390625
img_01717.png,0.48,0.72,0.76,0.8,0.52,0.403564453125,0.5078125,0.55078125,0.6259765625,0.43408203125
img_01718.png,0.96,0.72,0.8800000000000001,0.64,0.76,0.8740234375,0.91259765625,0.8291015625,0.82666015625,0.70263671875
img_01719.png,0.8400000000000001,0.64,0.8800000000000001,0.64,0.64,0.47265625,0.49609375,0.77978515625,0.5234375,0.515625
img_01720.png,0.8,0.8400000000000001,1.0,0.8,0.72,0.46484375,0.72802734375,0.900390625,0.708984375,0.64794921875
img_01721.png,0.8,0.6799999999999999,0.8800000000000001,0.6799999999999999,0.64,0.388671875,0.437744140625,0.8291015625,0.5546875,0.4609375
img_01722.png,0.8800000000000001,0.76,0.8800000000000001,0.72,0.48,0.86328125,0.85791015625,0.83984375,0.84375,0.67919921875
img_01723.png,0.6,0.6799999999999999,0.64,0.6,0.64,0.78515625,0.82421875,0.77734375,0.740234375,0.6513671875
img_01724.png,0.6799999999999999,0.8,0.9199999999999999,0.8400000000000001,0.76,0.77197265625,0.84814453125,0.896484375,0.8310546875,0.71533203125
img_01725.png,0.8,0.72,0.8800000000000001,0.8,0.64,0.7431640625,0.5927734375,0.7373046875,0.71533203125,0.53515625
img_01726.png,0.72,0.64,1.0,0.8800000000000001,0.9199999999999999,0.90869140625,0.9150390625,0.89501953125,0.8857421875,0.7431640625
img_01727.png,0.8800000000000001,0.6,0.96,0.8,0.76,0.85595703125,0.81982421875,0.92529296875,0.82421875,0.7373046875
img_01728.png,0.44000000000000006,0.64,0.8400000000000001,0.6,0.52,0.31396484375,0.48046875,0.7373046875,0.414794921875,0.437744140625
img_01729.png,0.76,0.44000000000000006,0.76,0.76,0.44000000000000006,0.82666015625,0.57373046875,0.79052734375,0.7958984375,0.708984375
img_01730.png,0.4,0.5599999999999999,0.9199999999999999,0.72,0.6,0.32421875,0.54296875,0.7880859375,0.53515625,0.46484375
img_01731.png,0.76,0.64,0.8800000000000001,0.72,0.6799999999999999,0.70263671875,0.65478515625,0.611328125,0.63720703125,0.54296875
img_01732.png,0.96,0.76,0.8400000000000001,0.72,0.6,0.9111328125,0.83544921875,0.85595703125,0.85791015625,0.6826171875
img_01733.png,0.8,0.76,0.8,0.72,0.6,0.85205078125,0.85009765625,0.935546875,0.8857421875,0.63720703125
img_01734.png,0.8,0.8,0.96,0.6799999999999999,0.48,0.6298828125,0.77978515625,0.78515625,0.56591796875,0.63720703125
img_01735.png,0.6,0.64,0.76,0.76,0.64,0.32421875,0.59619140625,0.78515625,0.418701171875,0.4609375
img_01736.png,0.8,0.6799999999999999,0.76,0.72,0.6,0.53515625,0.53515625,0.78515625,0.57373046875,0.56591796875
img_01737.png,0.8,0.76,0.8,0.5599999999999999,0.72,0.67236328125,0.83740234375,0.841796875,0.70556640625,0.67236328125
img_01738.png,0.64,0.76,0.9199999999999999,0.8400000000000001,0.6,0.62255859375,0.89501953125,0.85986328125,0.7373046875,0.72509765625
img_01739.png,0.76,0.76,0.8,0.6799999999999999,0.6,0.67578125,0.8173828125,0.83544921875,0.7744140625,0.67236328125
img_01740.png,0.8,0.8400000000000001,0.8,0.8800000000000001,0.76,0.85791015625,0.7607421875,0.85400390625,0.79296875,0.80810546875
img_01741.png,0.6799999999999999,0.72,0.96,0.76,0.8800000000000001,0.515625,0.80810546875,0.83984375,0.72802734375,0.658203125
img_01742.png,0.96,0.8,0.8400000000000001,0.76,0.6,0.8671875,0.83544921875,0.87255859375,0.85400390625,0.72509765625
img_01743.png,0.6799999999999999,0.76,0.96,0.76,0.72,0.82666015625,0.81982421875,0.79052734375,0.662109375,0.611328125
img_01744.png,0.9199999999999999,0.72,1.0,0.8400000000000001,0.76,0.80078125,0.86328125,0.9072265625,0.90185546875,0.69921875
img_01745.png,0.76,0.8800000000000001,0.96,0.76,0.76,0.437744140625,0.7431640625,0.82666015625,0.5078125,0.5234375
img_01746.png,0.72,0.76,0.9199999999999999,0.72,0.64,0.8310546875,0.841796875,0.8056640625,0.71875,0.5546875
img_01747.png,0.76,0.72,0.96,0.8400000000000001,0.8800000000000001,0.763671875,0.81982421875,0.86328125,0.7578125,0.69921875
img_01748.png,0.6799999999999999,0.52,0.8800000000000001,0.72,0.5599999999999999,0.2783203125,0.50390625,0.70556640625,0.445556640625,0.484375
img_01749.png,0.76,0.64,0.96,0.6,0.8800000000000001,0.7216796875,0.80322265625,0.8173828125,0.70263671875,0.71240234375
img_01750.png,0.8,0.5599999999999999,0.6799999999999999,0.8,0.52,0.7578125,0.79052734375,0.6298828125,0.69580078125,0.61865234375
img_01751.png,0.76,0.76,0.72,0.76,0.52,0.9326171875,0.751953125,0.78271484375,0.861328125,0.5546875
img_01752.png,0.6799999999999999,0.72,0.6,0.8,0.72,0.52734375,0.76904296875,0.66552734375,0.54296875,0.6826171875
img_01753.png,0.6799999999999999,0.8400000000000001,0.9199999999999999,0.8400000000000001,0.6,0.56201171875,0.5849609375,0.77197265625,0.61865234375,0.66552734375
img_01754.png,0.72,0.48,0.4,0.72,0.48,0.4609375,0.56982421875,0.51953125,0.338134765625,0.5
img_01755.png,0.8800000000000001,0.6799999999999999,1.0,0.72,0.6799999999999999,0.8056640625,0.888671875,0.8759765625,0.7607421875,0.740234375
img_01756.png,0.52,0.6799999999999999,0.9199999999999999,0.72,0.44000000000000006,0.2783203125,0.56201171875,0.7607421875,0.39990234375,0.50390625
img_01757.png,0.8,0.6,0.8,0.52,0.64,0.9208984375,0.81298828125,0.8154296875,0.7548828125,0.60400390625
img_01758.png,0.6,0.76,0.9199999999999999,0.6799999999999999,0.52,0.63720703125,0.865234375,0.80078125,0.58154296875,0.59619140625
img_01759.png,0.76,0.8400000000000001,0.96,0.5599999999999999,0.8400000000000001,0.62255859375,0.53125,0.67236328125,0.53125,0.5546875
img_01760.png,0.8,0.5599999999999999,0.9199999999999999,0.8,0.6,0.52734375,0.5078125,0.69580078125,0.56201171875,0.60009765625
img_01761.png,0.96,0.6799999999999999,0.96,0.72,0.64,0.83349609375,0.90576171875,0.90478515625,0.85205078125,0.71533203125
img_01762.png,0.9199999999999999,0.72,0.9199999999999999,0.8400000000000001,0.6799999999999999,0.6826171875,0.810546875,0.8310546875,0.72509765625,0.63330078125
img_01763.png,0.76,0.8400000000000001,0.8800000000000001,0.5599999999999999,0.44000000000000006,0.52734375,0.73388671875,0.55810546875,0.4111328125,0.58154296875
img_01764.png,0.72,0.72,0.9199999999999999,0.76,0.8,0.381103515625,0.658203125,0.88427734375,0.57373046875,0.61865234375
img_01765.png,0.8,0.5599999999999999,1.0,0.6,0.6799999999999999,0.845703125,0.87255859375,0.93798828125,0.8740234375,0.67919921875
img_01766.png,0.72,0.5599999999999999,0.6799999999999999,0.76,0.52,0.39990234375,0.403564453125,0.72509765625,0.449462890625,0.5546875
img_01767.png,0.9199999999999999,0.6799999999999999,0.8800000000000001,0.52,0.4,0.8173828125,0.85009765625,0.86865234375,0.85205078125,0.58154296875
img_01768.png,0.8800000000000001,0.6799999999999999,0.76,0.96,0.52,0.6298828125,0.77978515625,0.78515625,0.56591796875,0.63720703125
img_01769.png,0.8800000000000001,0.72,0.8800000000000001,0.76,0.6799999999999999,0.5390625,0.61865234375,0.5927734375,0.67236328125,0.55078125
img_01770.png,0.8,0.6,0.6799999999999999,0.5599999999999999,0.64,0.57763671875,0.751953125,0.63720703125,0.39990234375,0.5927734375
img_01771.png,0.8400000000000001,0.8,0.8800000000000001,0.6,0.52,0.4111328125,0.5078125,0.810546875,0.59619140625,0.51171875
img_01772.png,0.6799999999999999,0.5599999999999999,0.8400000000000001,0.8,0.6,0.91259765625,0.73388671875,0.90478515625,0.865234375,0.6513671875
img_01773.png,0.48,0.8,0.8800000000000001,0.8,0.48,0.294189453125,0.68603515625,0.85791015625,0.59619140625,0.50390625
img_01774.png,0.8,0.64,0.8,0.6,0.6,0.740234375,0.607421875,0.64404296875,0.61865234375,0.55078125
img_01775.png,0.76,0.64,0.8400000000000001,0.64,0.8,0.72802734375,0.5234375,0.708984375,0.69921875,0.64404296875
img_01776.png,0.8400000000000001,0.8400000000000001,0.8800000000000001,0.8400000000000001,0.6799999999999999,0.865234375,0.77978515625,0.73388671875,0.82666015625,0.7373046875
img_01777.png,0.8,0.76,0.96,0.72,0.72,0.8916015625,0.81298828125,0.87890625,0.8974609375,0.66552734375
img_01778.png,0.76,0.64,0.8400000000000001,0.6799999999999999,0.6799999999999999,0.7490234375,0.74609375,0.76904296875,0.69580078125,0.63720703125
img_01779.png,0.76,0.52,0.8,0.76,0.6,0.6259765625,0.7431640625,0.77197265625,0.60400390625,0.6259765625
img_01780.png,0.8400000000000001,0.8400000000000001,1.0,0.64,0.8800000000000001,0.88720703125,0.85986328125,0.90869140625,0.861328125,0.77197265625
img_01781.png,0.64,0.44000000000000006,0.72,0.64,0.6,0.53125,0.48828125,0.69287109375,0.67578125,0.55078125
img_01782.png,0.72,0.6799999999999999,0.8400000000000001,0.6,0.6799999999999999,0.77734375,0.73388671875,0.7490234375,0.74609375,0.55078125
img_01783.png,0.6,0.72,0.9199999999999999,0.72,0.52,0.7958984375,0.78515625,0.77197265625,0.69921875,0.64404296875
img_01784.png,0.8,0.72,0.8800000000000001,0.76,0.76,0.6259765625,0.54296875,0.73095703125,0.60400390625,0.381103515625
img_01785.png,0.5599999999999999,0.72,0.8800000000000001,0.72,0.48,0.310791015625,0.615234375,0.86328125,0.546875,0.4765625
img_01786.png,0.96,0.6799999999999999,0.8800000000000001,0.8,0.8,0.86865234375,0.87060546875,0.90478515625,0.82421875,0.67578125
img_01787.png,0.6,0.44000000000000006,1.0,0.76,0.64,0.7578125,0.68603515625,0.63330078125,0.61865234375,0.6689453125
img_01788.png,0.44000000000000006,0.52,0.8,0.6799999999999999,0.36,0.28466796875,0.57763671875,0.7880859375,0.46875,0.51171875
img_01789.png,0.8,0.8400000000000001,0.76,0.6799999999999999,0.6799999999999999,0.3701171875,0.6298828125,0.7548828125,0.546875,0.5234375
img_01790.png,0.8,0.76,0.8400000000000001,0.8400000000000001,0.6799999999999999,0.8291015625,0.88232421875,0.87890625,0.861328125,0.689453125
img_01791.png,0.6,0.48,0.8800000000000001,0.6799999999999999,0.5599999999999999,0.39990234375,0.6298828125,0.59619140625,0.5,0.56982421875
img_01792.png,0.64,0.52,0.5599999999999999,0.72,0.64,0.5,0.63330078125,0.60400390625,0.441650390625,0.5927734375
img_01793.png,0.76,0.72,0.9199999999999999,0.8,0.72,0.90185546875,0.80322265625,0.78515625,0.85009765625,0.72509765625
img_01794.png,0.8400000000000001,0.6,0.9199999999999999,0.8,0.64,0.7373046875,0.69921875,0.62255859375,0.615234375,0.7578125
img_01795.png,0.8,0.76,0.96,1.0,0.52,0.7490234375,0.88232421875,0.9072265625,0.763671875,0.611328125
img_01796.png,0.76,0.8400000000000001,0.76,0.8,0.52,0.8671875,0.7578125,0.81298828125,0.79296875,0.611328125
img_01797.png,0.8,0.6799999999999999,0.96,0.64,0.6,0.373779296875,0.59619140625,0.81982421875,0.56591796875,0.53515625
img_01798.png,0.8400000000000001,0.72,1.0,0.8800000000000001,0.8400000000000001,0.751953125,0.83349609375,0.822265625,0.71240234375,0.6513671875
img_01799.png,0.8,0.6,0.8800000000000001,0.76,0.64,0.9033203125,0.83349609375,0.85009765625,0.82666015625,0.70263671875
img_01800.png,0.8,0.8400000000000001,0.9199999999999999,0.72,0.64,0.8291015625,0.82421875,0.91357421875,0.81982421875,0.67236328125
